{"best_model": {"train": {"R2": 0.9999904107199211, "RMSE": 0.027959403773886136, "MAE": 0.02189052255946021, "MAPE": 0.02846452959729345, "MSE": 0.0007817282593911983, "SMAPE": 0.028464660236557603, "NRMSE": 0.0005346180969768601, "features_weights": {"Vitesse moteur": -0.00010046881042411227, "Intensite moteur": -0.00024594357274632675, "Vibration palier avant": 0.12370485340423314, "Vibration palier arriere": -0.16353114031974564, "Temperature palier avant": -0.003718690192494537, "Temperature palier arriere": 0.0013349804968511287, "Temperature bobinage 1": 0.6020087127307643, "Temperature bobinage 3": 0.39897787104962235, "Debit fumees": -1.6874494368542144e-08, "Pression aspiration": -0.0004143622689442568}}, "test": {"R2": 0.9999862274434792, "RMSE": 0.02885797179470676, "MAE": 0.023331329670774087, "MAPE": 0.03010841428596317, "MSE": 0.0008327825361040908, "SMAPE": 0.030108198639451834, "NRMSE": 0.0005676356450416267, "features_weights": {"Vitesse moteur": -0.00010046881042411227, "Intensite moteur": -0.00024594357274632675, "Vibration palier avant": 0.12370485340423314, "Vibration palier arriere": -0.16353114031974564, "Temperature palier avant": -0.003718690192494537, "Temperature palier arriere": 0.0013349804968511287, "Temperature bobinage 1": 0.6020087127307643, "Temperature bobinage 3": 0.39897787104962235, "Debit fumees": -1.6874494368542144e-08, "Pression aspiration": -0.0004143622689442568}}, "range": {"min_value": 40.9206, "max_value": 93.3583}}, "all_models": {"LinearRegression": {"train": {"R2": 0.9999904107199211, "RMSE": 0.027959403773886136, "MAE": 0.02189052255946021, "MAPE": 0.02846452959729345, "MSE": 0.0007817282593911983, "SMAPE": 0.028464660236557603, "NRMSE": 0.0005346180969768601, "features_weights": {"Vitesse moteur": -0.00010046881042411227, "Intensite moteur": -0.00024594357274632675, "Vibration palier avant": 0.12370485340423314, "Vibration palier arriere": -0.16353114031974564, "Temperature palier avant": -0.003718690192494537, "Temperature palier arriere": 0.0013349804968511287, "Temperature bobinage 1": 0.6020087127307643, "Temperature bobinage 3": 0.39897787104962235, "Debit fumees": -1.6874494368542144e-08, "Pression aspiration": -0.0004143622689442568}}, "test": {"R2": 0.9999862274434792, "RMSE": 0.02885797179470676, "MAE": 0.023331329670774087, "MAPE": 0.03010841428596317, "MSE": 0.0008327825361040908, "SMAPE": 0.030108198639451834, "NRMSE": 0.0005676356450416267, "features_weights": {"Vitesse moteur": -0.00010046881042411227, "Intensite moteur": -0.00024594357274632675, "Vibration palier avant": 0.12370485340423314, "Vibration palier arriere": -0.16353114031974564, "Temperature palier avant": -0.003718690192494537, "Temperature palier arriere": 0.0013349804968511287, "Temperature bobinage 1": 0.6020087127307643, "Temperature bobinage 3": 0.39897787104962235, "Debit fumees": -1.6874494368542144e-08, "Pression aspiration": -0.0004143622689442568}}, "range": {"min_value": 40.9206, "max_value": 93.3583}}, "Ridge": {"train": {"R2": 0.9999902254065813, "RMSE": 0.02822826949974728, "MAE": 0.022117126502736242, "MAPE": 0.028797106538201295, "MSE": 0.0007968351989503624, "SMAPE": 0.02879727476618259, "NRMSE": 0.0005397591394634828, "features_weights": {"Vitesse moteur": -0.00012463346725091488, "Intensite moteur": -0.0002664040784058972, "Vibration palier avant": 0.006788888336073523, "Vibration palier arriere": -0.033655103498738397, "Temperature palier avant": -0.0035292318926925, "Temperature palier arriere": 0.0011033677807516069, "Temperature bobinage 1": 0.5696791037998037, "Temperature bobinage 3": 0.4315000996115043, "Debit fumees": -4.077676146293774e-08, "Pression aspiration": -0.0017076901138157572}}, "test": {"R2": 0.9999859056192639, "RMSE": 0.029193187891373897, "MAE": 0.023603399816946508, "MAPE": 0.030582009746071295, "MSE": 0.0008522422192610596, "SMAPE": 0.03058186778462037, "NRMSE": 0.0005742293379946044, "features_weights": {"Vitesse moteur": -0.00012463346725091488, "Intensite moteur": -0.0002664040784058972, "Vibration palier avant": 0.006788888336073523, "Vibration palier arriere": -0.033655103498738397, "Temperature palier avant": -0.0035292318926925, "Temperature palier arriere": 0.0011033677807516069, "Temperature bobinage 1": 0.5696791037998037, "Temperature bobinage 3": 0.4315000996115043, "Debit fumees": -4.077676146293774e-08, "Pression aspiration": -0.0017076901138157572}}, "range": {"min_value": 40.9206, "max_value": 93.3583}}, "Lasso": {"train": {"R2": 0.9997204236081617, "RMSE": 0.15096808705837336, "MAE": 0.1354111989550939, "MAPE": 0.17406878437782072, "MSE": 0.0227913633100646, "SMAPE": 0.17405283342745909, "NRMSE": 0.0028866950118144963, "features_weights": {"Vitesse moteur": 2.5648897736592376e-05, "Intensite moteur": 0.0, "Vibration palier avant": 0.0, "Vibration palier arriere": -0.0, "Temperature palier avant": 0.0, "Temperature palier arriere": 0.0, "Temperature bobinage 1": 0.9767067524096863, "Temperature bobinage 3": 0.0016484088947819814, "Debit fumees": 2.0202117674771516e-06, "Pression aspiration": -0.0}}, "test": {"R2": 0.9995940055688044, "RMSE": 0.15668180327078254, "MAE": 0.1409590113920347, "MAPE": 0.1786191434995799, "MSE": 0.024549187476184203, "SMAPE": 0.1786087511078772, "NRMSE": 0.003081927486054626, "features_weights": {"Vitesse moteur": 2.5648897736592376e-05, "Intensite moteur": 0.0, "Vibration palier avant": 0.0, "Vibration palier arriere": -0.0, "Temperature palier avant": 0.0, "Temperature palier arriere": 0.0, "Temperature bobinage 1": 0.9767067524096863, "Temperature bobinage 3": 0.0016484088947819814, "Debit fumees": 2.0202117674771516e-06, "Pression aspiration": -0.0}}, "range": {"min_value": 40.9206, "max_value": 93.3583}}, "ElasticNet": {"train": {"R2": 0.9998391832396112, "RMSE": 0.11449870079178405, "MAE": 0.09358165052168033, "MAPE": 0.12215411136841199, "MSE": 0.01310995248300649, "SMAPE": 0.12213843622254433, "NRMSE": 0.0021893556106800474, "features_weights": {"Vitesse moteur": 0.0006273238036121119, "Intensite moteur": 0.0, "Vibration palier avant": 0.0, "Vibration palier arriere": -0.0, "Temperature palier avant": 0.010104562242753757, "Temperature palier arriere": 0.0, "Temperature bobinage 1": 0.49349191117041663, "Temperature bobinage 3": 0.48222377590725785, "Debit fumees": -1.137005041341246e-08, "Pression aspiration": -0.0}}, "test": {"R2": 0.9997739882667313, "RMSE": 0.11690255843290673, "MAE": 0.09261266616524708, "MAPE": 0.11758104154125876, "MSE": 0.013666208168159171, "SMAPE": 0.11758538072401731, "NRMSE": 0.002299470650090909, "features_weights": {"Vitesse moteur": 0.0006273238036121119, "Intensite moteur": 0.0, "Vibration palier avant": 0.0, "Vibration palier arriere": -0.0, "Temperature palier avant": 0.010104562242753757, "Temperature palier arriere": 0.0, "Temperature bobinage 1": 0.49349191117041663, "Temperature bobinage 3": 0.48222377590725785, "Debit fumees": -1.137005041341246e-08, "Pression aspiration": -0.0}}, "range": {"min_value": 40.9206, "max_value": 93.3583}}, "DecisionTreeRegressor": {"train": {"R2": 1.0, "RMSE": 0.0, "MAE": 0.0, "MAPE": 0.0, "MSE": 0.0, "SMAPE": 0.0, "NRMSE": 0.0, "features_weights": {"Vitesse moteur": 7.396053955006595e-07, "Intensite moteur": 1.8248832517428353e-05, "Vibration palier avant": 1.083317757043997e-06, "Vibration palier arriere": 1.1220849790248057e-05, "Temperature palier avant": 0.3093961345458587, "Temperature palier arriere": 0.0020690470702066405, "Temperature bobinage 1": 0.061397989775918184, "Temperature bobinage 3": 0.6269394498708232, "Debit fumees": 0.00012893204467406263, "Pression aspiration": 3.715408705917368e-05}}, "test": {"R2": 0.9980879888938795, "RMSE": 0.3400194247133397, "MAE": 0.10506792452830342, "MAPE": 0.15081120095018008, "MSE": 0.11561320918239046, "SMAPE": 0.14938956547729576, "NRMSE": 0.006688174305764674, "features_weights": {"Vitesse moteur": 7.396053955006595e-07, "Intensite moteur": 1.8248832517428353e-05,