{"best_model": {"train": {"R2": 0.9999904107199211, "RMSE": 0.027959403773886136, "MAE": 0.02189052255946021, "MAPE": 0.02846452959729345, "MSE": 0.0007817282593911983, "SMAPE": 0.028464660236557603, "NRMSE": 0.0005346180969768601, "features_weights": {"Vitesse moteur": -0.00010046881042411227, "Intensite moteur": -0.00024594357274632675, "Vibration palier avant": 0.12370485340423314, "Vibration palier arriere": -0.16353114031974564, "Temperature palier avant": -0.003718690192494537, "Temperature palier arriere": 0.0013349804968511287, "Temperature bobinage 1": 0.6020087127307643, "Temperature bobinage 3": 0.39897787104962235, "Debit fumees": -1.6874494368542144e-08, "Pression aspiration": -0.0004143622689442568}}, "test": {"R2": 0.9999862274434792, "RMSE": 0.02885797179470676, "MAE": 0.023331329670774087, "MAPE": 0.03010841428596317, "MSE": 0.0008327825361040908, "SMAPE": 0.030108198639451834, "NRMSE": 0.0005676356450416267, "features_weights": {"Vitesse moteur": -0.00010046881042411227, "Intensite moteur": -0.00024594357274632675, "Vibration palier avant": 0.12370485340423314, "Vibration palier arriere": -0.16353114031974564, "Temperature palier avant": -0.003718690192494537, "Temperature palier arriere": 0.0013349804968511287, "Temperature bobinage 1": 0.6020087127307643, "Temperature bobinage 3": 0.39897787104962235, "Debit fumees": -1.6874494368542144e-08, "Pression aspiration": -0.0004143622689442568}}, "range": {"min_value": 40.9206, "max_value": 93.3583}}, "all_models": {"LinearRegression": {"train": {"R2": 0.8812930526951264, "RMSE": 6478.107354765703, "MAE": 3439.6768696448275, "MAPE": 36.09866435151052, "MSE": 41965874.8998695, "SMAPE": 10.665412047436659, "NRMSE": 0.06977370295297605, "features_weights": {"Vitesse moteur": 175.46676080200896, "Intensite moteur": -561.5958878666164, "Vibration palier avant": -21565.651295011132, "Vibration palier arriere": -23331.112031745106, "Temperature palier avant": -1345.5331528021286, "Temperature palier arriere": 911.8187608856038, "Temperature bobinage 1": -9004.71956601834, "Temperature bobinage 2": -905.881181982363, "Temperature bobinage 3": 10003.853740813072, "Pression aspiration": -4036.5841008187845}}, "test": {"R2": 0.8138358750155676, "RMSE": 7094.565675399804, "MAE": 3528.8758190926883, "MAPE": 37.517672026801044, "MSE": 50332862.122561075, "SMAPE": 7.945900263146901, "NRMSE": 0.07818401925946003, "features_weights": {"Vitesse moteur": 175.46676080200896, "Intensite moteur": -561.5958878666164, "Vibration palier avant": -21565.651295011132, "Vibration palier arriere": -23331.112031745106, "Temperature palier avant": -1345.5331528021286, "Temperature palier arriere": 911.8187608856038, "Temperature bobinage 1": -9004.71956601834, "Temperature bobinage 2": -905.881181982363, "Temperature bobinage 3": 10003.853740813072, "Pression aspiration": -4036.5841008187845}}, "range": {"min_value": -5115.24, "max_value": 87729.3}}, "Ridge": {"train": {"R2": 0.879975463931505, "RMSE": 6513.960046128355, "MAE": 3408.8564167272084, "MAPE": 36.0439905233482, "MSE": 42431675.48255652, "SMAPE": 10.572836942538547, "NRMSE": 0.0701598612705535, "features_weights": {"Vitesse moteur": 167.53551600816343, "Intensite moteur": -545.4398548833292, "Vibration palier avant": -11186.835224709543, "Vibration palier arriere": -9931.597173687012, "Temperature palier avant": -1216.7304794367813, "Temperature palier arriere": 1209.7831924769152, "Temperature bobinage 1": -3858.442018379075, "Temperature bobinage 2": -548.109980432118, "Temperature bobinage 3": 4293.411866858073, "Pression aspiration": -3820.6795583891317}}, "test": {"R2": 0.797075398070156, "RMSE": 7407.048153796, "MAE": 3569.1458642963903, "MAPE": 41.94745641395002, "MSE": 54864362.352652736, "SMAPE": 8.109907361524838, "NRMSE": 0.08162766010048943, "features_weights": {"Vitesse moteur": 167.53551600816343, "Intensite moteur": -545.4398548833292, "Vibration palier avant": -11186.835224709543, "Vibration palier arriere": -9931.597173687012, "Temperature palier avant": -1216.7304794367813, "Temperature palier arriere": 1209.7831924769152, "Temperature bobinage 1": -3858.442018379075, "Temperature bobinage 2": -548.109980432118, "Temperature bobinage 3": 4293.411866858073, "Pression aspiration": -3820.6795583891317}}, "range": {"min_value": -5115.24, "max_value": 87729.3}}, "Lasso": {"train": {"R2": 0.8800253632582128, "RMSE": 6512.60583964, "MAE": 3454.6543611218517, "MAPE": 35.87069889934041, "MSE": 42414034.82251303, "SMAPE": 10.844549029407274, "NRMSE": 0.07014527552874945, "features_weights": {"Vitesse moteur": 175.262476976631, "Intensite moteur": -548.5891672828254, "Vibration palier avant": -18378.997192175968, "Vibration palier arriere": -16625.75393424206, "Temperature palier avant": -1120.0430816639412, "Temperature palier arriere": 1075.9242317390413, "Temperature bobinage 1": -552.0702208026768, "Temperature bobinage 2": 146.78143977287996, "Temperature bobinage 3": 288.34092459618194, "Pression aspiration": -3735.229561707997}}, "test": {"R2": 0.8008422141475554, "RMSE": 7337.978946175452, "MAE": 3649.8266517126417, "MAPE": 40.73681088779757, "MSE": 53845935.01451419, "SMAPE": 8.234357918063756, "NRMSE": 0.08086649888133751, "features_weights": {"Vitesse moteur": 175.262476976631, "Intensite moteur": -548.5891672828254, "Vibration palier avant": -18378.997192175968, "Vibration palier arriere": -16625.75393424206, "Temperature palier avant": -1120.0430816639412, "Temperature palier arriere": 1075.9242317390413, "Temperature bobinage 1": -552.0702208026768, "Temperature bobinage 2": 146.78143977287996, "Temperature bobinage 3": 288.34092459618194, "Pression aspiration": -3735.229561707997}}, "range": {"min_value": -5115.24, "max_value": 87729.3}}, "ElasticNet": {"train": {"R2": 0.8708063348964294, "RMSE": 6758.194428193099, "MAE": 3315.6114704123916, "MAPE": 34.92026169332167, "MSE": 45673191.92926025, "SMAPE": 10.67670681771249, "NRMSE": 0.07279043472231214, "features_weights": {"Vitesse moteur": 207.13803289052473, "Intensite moteur": -418.8593689058949, "Vibration palier avant": -79.02803171070632, "Vibration palier arriere": -64.57710151977672, "Temperature palier avant": -754.7718176364339, "Temperature palier arriere": 995.1808461009123, "Temperature bobinage 1": -51.74935259792106, "Temperature bobinage 2": -59.99611312466731, "Temperature bobinage 3": -82.88388559748945, "Pression aspiration": -2010.1673674537049}}, "test": {"R2": 0.7675864154673763, "RMSE": 7926.994760548537, "MAE": 3576.41250794247, "MAPE": 46.472459762979355, "MSE": 62837245.93376396, "SMAPE": 8.43730986677514, "NRMSE": 0.08735761135842042, "features_weights": {"Vitesse moteur": 207.13803289052473, "Intensite moteur": -418.8593689058949, "Vibration palier avant": -79.02803171070632, "Vibration palier arriere": -64.57710151977672, "Temperature palier avant": -754.7718176364339, "Temperature palier arriere": 995.1808461009123, "Temperature bobinage 1": -51.74935259792106, "Temperature bobinage 2": -59.99611312466731, "Temperature bobinage 3": -82.88388559748945, "Pression aspiration": -2010.1673674537049}}, "range": {"min_value": -5115.24, "max_value": 87729.3}}, "DecisionTreeRegressor": {"train": {"R2": 1.0, "RMSE": 0.0, "MAE": 0.0, "MAPE": 0.0, "MSE": 0.0, "SMAPE": 0.0, "NRMSE": 0.0, "features_weights": {"Vitesse moteur": 0.8445511336227292, "Intensite moteur": 0.021280339028460448, "Vibration palier avant": 0.031881007593316614, "Vibration palier arriere": 0.043217407701876515, "Temperature palier avant": 0.0012548166829536942, "Temperature palier arriere": 0.04623292618947815, "Temperature bobinage 1": 0.0012373422221762264, "Temperature bobinage 2": 0.006722315022087851, "Temperature bobinage 3": 0.000625343286411624, "Pression aspiration": 0.002997368650509848}}, "test": {"R2": 0.7615269439322732, "RMSE": 8029.665898095574, "MAE": 3109.5971069182388, "MAPE": 6.435139446095603, "MSE": 64475534.435039006, "SMAPE": 6.862551260509843, "NRMSE": 0.08848907487044379,