{"best_model": {"train": {"R2": 0.999981409569811, "RMSE": 0.039197659798881124, "MAE": 0.030434091726318613, "MAPE": 0.03967929280599868, "MSE": 0.0015364565337088211, "SMAPE": 0.0396787468529162, "NRMSE": 0.0007421943718403945, "features_weights": {"Vitesse moteur": 0.0001752602244460982, "Intensite moteur": -0.00028190250288290453, "Vibration palier avant": -0.24851910733676172, "Vibration palier arriere": 0.007676657837559462, "Temperature palier avant": -0.002932851730227185, "Temperature palier arriere": -0.006068696134427723, "Temperature bobinage 2": 1.1832247445489503, "Temperature bobinage 3": -0.17799686353234523, "Debit fumees": -3.296812051332797e-07, "Pression aspiration": -0.010220060073188106}}, "test": {"R2": 0.9999730426765403, "RMSE": 0.04056285836118896, "MAE": 0.03220235344078915, "MAPE": 0.04111267696000583, "MSE": 0.0016453454784298772, "SMAPE": 0.04111087256223948, "NRMSE": 0.000788870597410465, "features_weights": {"Vitesse moteur": 0.0001752602244460982, "Intensite moteur": -0.00028190250288290453, "Vibration palier avant": -0.24851910733676172, "Vibration palier arriere": 0.007676657837559462, "Temperature palier avant": -0.002932851730227185, "Temperature palier arriere": -0.006068696134427723, "Temperature bobinage 2": 1.1832247445489503, "Temperature bobinage 3": -0.17799686353234523, "Debit fumees": -3.296812051332797e-07, "Pression aspiration": -0.010220060073188106}}, "range": {"min_value": 41.3132, "max_value": 94.2373}}, "all_models": {"LinearRegression": {"train": {"R2": 0.999981409569811, "RMSE": 0.039197659798881124, "MAE": 0.030434091726318613, "MAPE": 0.03967929280599868, "MSE": 0.0015364565337088211, "SMAPE": 0.0396787468529162, "NRMSE": 0.0007421943718403945, "features_weights": {"Vitesse moteur": 0.0001752602244460982, "Intensite moteur": -0.00028190250288290453, "Vibration palier avant": -0.24851910733676172, "Vibration palier arriere": 0.007676657837559462, "Temperature palier avant": -0.002932851730227185, "Temperature palier arriere": -0.006068696134427723, "Temperature bobinage 2": 1.1832247445489503, "Temperature bobinage 3": -0.17799686353234523, "Debit fumees": -3.296812051332797e-07, "Pression aspiration": -0.010220060073188106}}, "test": {"R2": 0.9999730426765403, "RMSE": 0.04056285836118896, "MAE": 0.03220235344078915, "MAPE": 0.04111267696000583, "MSE": 0.0016453454784298772, "SMAPE": 0.04111087256223948, "NRMSE": 0.000788870597410465, "features_weights": {"Vitesse moteur": 0.0001752602244460982, "Intensite moteur": -0.00028190250288290453, "Vibration palier avant": -0.24851910733676172, "Vibration palier arriere": 0.007676657837559462, "Temperature palier avant": -0.002932851730227185, "Temperature palier arriere": -0.006068696134427723, "Temperature bobinage 2": 1.1832247445489503, "Temperature bobinage 3": -0.17799686353234523, "Debit fumees": -3.296812051332797e-07, "Pression aspiration": -0.010220060073188106}}, "range": {"min_value": 41.3132, "max_value": 94.2373}}, "Ridge": {"train": {"R2": 0.9999769657546024, "RMSE": 0.04363172809410239, "MAE": 0.03298977667529823, "MAPE": 0.04378246372811306, "MSE": 0.0019037276964776835, "SMAPE": 0.04378069989665851, "NRMSE": 0.0008261519486435661, "features_weights": {"Vitesse moteur": 5.360510734513094e-05, "Intensite moteur": -0.0005867565311685854, "Vibration palier avant": -0.13678885737895477, "Vibration palier arriere": -0.1081727431053072, "Temperature palier avant": -0.00954976256581941, "Temperature palier arriere": -0.006464665259529195, "Temperature bobinage 2": 0.8383138126396827, "Temperature bobinage 3": 0.17084470523929787, "Debit fumees": -4.224091638346464e-07, "Pression aspiration": -0.017042529827037006}}, "test": {"R2": 0.9999679588627403, "RMSE": 0.044222585203940325, "MAE": 0.03502780378584004, "MAPE": 0.045061240394797315, "MSE": 0.0019556370421197618, "SMAPE": 0.04505904063759766, "NRMSE": 0.0008600453374914733, "features_weights": {"Vitesse moteur": 5.360510734513094e-05, "Intensite moteur": -0.0005867565311685854, "Vibration palier avant": -0.13678885737895477, "Vibration palier arriere": -0.1081727431053072, "Temperature palier avant": -0.00954976256581941, "Temperature palier arriere": -0.006464665259529195, "Temperature bobinage 2": 0.8383138126396827, "Temperature bobinage 3": 0.17084470523929787, "Debit fumees": -4.224091638346464e-07, "Pression aspiration": -0.017042529827037006}}, "range": {"min_value": 41.3132, "max_value": 94.2373}}, "Lasso": {"train": {"R2": 0.9997218162123769, "RMSE": 0.151628670654459, "MAE": 0.12576126273371108, "MAPE": 0.16259261413215428, "MSE": 0.022991253764438394, "SMAPE": 0.1625688819227531, "NRMSE": 0.002871037366689748, "features_weights": {"Vitesse moteur": 0.0014729558460209035, "Intensite moteur": 0.0, "Vibration palier avant": 0.0, "Vibration palier arriere": -0.0, "Temperature palier avant": 0.0, "Temperature palier arriere": 0.0, "Temperature bobinage 2": 0.9788975114649969, "Temperature bobinage 3": 0.0, "Debit fumees": -1.0752197255627271e-07, "Pression aspiration": -0.0}}, "test": {"R2": 0.9996634265631653, "RMSE": 0.14332768453493222, "MAE": 0.11352986954695816, "MAPE": 0.14116173978463734, "MSE": 0.02054282515414505, "SMAPE": 0.1411749964217799, "NRMSE": 0.002787451395011021, "features_weights": {"Vitesse moteur": 0.0014729558460209035, "Intensite moteur": 0.0, "Vibration palier avant": 0.0, "Vibration palier arriere": -0.0, "Temperature palier avant": 0.0, "Temperature palier arriere": 0.0, "Temperature bobinage 2": 0.9788975114649969, "Temperature bobinage 3": 0.0, "Debit fumees": -1.0752197255627271e-07, "Pression aspiration": -0.0}}, "range": {"min_value": 41.3132, "max_value": 94.2373}}, "ElasticNet": {"train": {"R2": 0.9998025259517559, "RMSE": 0.12775280196565972, "MAE": 0.09685248716832767, "MAPE": 0.12728639356080101, "MSE": 0.016320778410077067, "SMAPE": 0.12726708316878452, "NRMSE": 0.0024189559043129314, "features_weights": {"Vitesse moteur": 0.0013219639002019319, "Intensite moteur": 0.0004745960596462348, "Vibration palier avant": 0.0, "Vibration palier arriere": -0.0, "Temperature palier avant": 0.0002914045523772523, "Temperature palier arriere": 0.0, "Temperature bobinage 2": 0.4984949099182292, "Temperature bobinage 3": 0.4850100976098536, "Debit fumees": -7.933415543793265e-07, "Pression aspiration": -0.0}}, "test": {"R2": 0.9997682386800818, "RMSE": 0.11893526483121397, "MAE": 0.08732947059628011, "MAPE": 0.10888591324373295, "MSE": 0.014145597220471004, "SMAPE": 0.1089041832859637, "NRMSE": 0.0023130651342446835, "features_weights": {"Vitesse moteur": 0.0013219639002019319, "Intensite moteur": 0.0004745960596462348, "Vibration palier avant": 0.0, "Vibration palier arriere": -0.0, "Temperature palier avant": 0.0002914045523772523, "Temperature palier arriere": 0.0, "Temperature bobinage 2": 0.4984949099182292, "Temperature bobinage 3": 0.4850100976098536, "Debit fumees": -7.933415543793265e-07, "Pression aspiration": -0.0}}, "range": {"min_value": 41.3132, "max_value": 94.2373}}, "DecisionTreeRegressor": {"train": {"R2": 1.0, "RMSE": 0.0, "MAE": 0.0, "MAPE": 0.0, "MSE": 0.0, "SMAPE": 0.0, "NRMSE": 0.0, "features_weights": {"Vitesse moteur": 3.16215808361023e-06, "Intensite moteur": 4.9953424153790745e-05, "Vibration palier avant": 0.000611280170393094, "Vibration palier arriere": 1.0646870755211985e-05, "Temperature palier avant": 0.3154416901892829, "Temperature palier arriere": 2.4001870766634246e-05, "Temperature bobinage 2": 0.6718122087223022, "Temperature bobinage 3": 0.012024874159901156, "Debit fumees": 7.742801899500925e-06, "Pression aspiration": 1.4439632461891463e-05}}, "test": {"R2": 0.9995889708602207, "RMSE": 0.15838953077498416, "MAE": 0.09706981132075512, "MAPE": 0.13019642255598407, "MSE": 0.02508724345911965, "SMAPE": 0.13039135142120534, "NRMSE": 0.0030803757135019253, "features_weights": {"Vitesse moteur": 3.16215808361023e-06, "Intensite moteur": 4.9953424153790745e-05, "Vibration palier avant": 0.000611280170393094,