{"best_model": {"train": {"R2": 1.0, "RMSE": 0.0, "MAE": 0.0, "MAPE": 0.0, "MSE": 0.0, "SMAPE": 0.0, "NRMSE": 0.0, "features_weights": {"Intensite moteur": 0.9086439022161247, "Vibration palier avant": 0.00018604985410683502, "Vibration palier arriere": 0.0001459390283787593, "Temperature palier avant": 0.00010221114993376217, "Temperature palier arriere": 0.0005798235897025555, "Temperature bobinage 1": 0.00021222016357004192, "Temperature bobinage 2": 0.0008241363616372382, "Temperature bobinage 3": 7.240989049607337e-05, "Debit fumees": 0.005042541495742758, "Pression aspiration": 0.08419076625030733}}, "test": {"R2": 0.98833326592781, "RMSE": 11.65180179523629, "MAE": 6.183968553459111, "MAPE": 0.7897500340855352, "MSE": 135.7644850754716, "SMAPE": 0.7389557495735779, "NRMSE": 0.011613037476140932, "features_weights": {"Intensite moteur": 0.9086439022161247, "Vibration palier avant": 0.00018604985410683502, "Vibration palier arriere": 0.0001459390283787593, "Temperature palier avant": 0.00010221114993376217, "Temperature palier arriere": 0.0005798235897025555, "Temperature bobinage 1": 0.00021222016357004192, "Temperature bobinage 2": 0.0008241363616372382, "Temperature bobinage 3": 7.240989049607337e-05, "Debit fumees": 0.005042541495742758, "Pression aspiration": 0.08419076625030733}}, "range": {"min_value": 243.172, "max_value": 1340.67}}, "all_models": {"LinearRegression": {"train": {"R2": 0.9880219730575192, "RMSE": 15.7765775151235, "MAE": 10.113161984160815, "MAPE": 1.0845275502703684, "MSE": 248.9003980907004, "SMAPE": 1.071505218414924, "NRMSE": 0.015876088839972446, "features_weights": {"Intensite moteur": 0.8287232797841155, "Vibration palier avant": 74.27326436777169, "Vibration palier arriere": 93.99630716136836, "Temperature palier avant": 2.8913170455205375, "Temperature palier arriere": 6.415411684425111, "Temperature bobinage 1": 28.391522101313022, "Temperature bobinage 2": -31.98902765777693, "Temperature bobinage 3": -1.4829442678721432, "Debit fumees": 0.0010406966784159977, "Pression aspiration": -4.896636447164723}}, "test": {"R2": 0.9772459771085837, "RMSE": 16.27224724108332, "MAE": 10.347648309512559, "MAPE": 1.1438082037990256, "MSE": 264.7860302749437, "SMAPE": 1.1016524213609291, "NRMSE": 0.01621811118594464, "features_weights": {"Intensite moteur": 0.8287232797841155, "Vibration palier avant": 74.27326436777169, "Vibration palier arriere": 93.99630716136836, "Temperature palier avant": 2.8913170455205375, "Temperature palier arriere": 6.415411684425111, "Temperature bobinage 1": 28.391522101313022, "Temperature bobinage 2": -31.98902765777693, "Temperature bobinage 3": -1.4829442678721432, "Debit fumees": 0.0010406966784159977, "Pression aspiration": -4.896636447164723}}, "range": {"min_value": 243.172, "max_value": 1340.67}}, "Ridge": {"train": {"R2": 0.9877321460380636, "RMSE": 15.9663061138884, "MAE": 10.171669638668781, "MAPE": 1.095676608626273, "MSE": 254.9229309223901, "SMAPE": 1.083186403560011, "NRMSE": 0.01606701415863472, "features_weights": {"Intensite moteur": 0.7860588001751321, "Vibration palier avant": 43.70354273272256, "Vibration palier arriere": 41.977216716064625, "Temperature palier avant": 2.6983314489761043, "Temperature palier arriere": 5.7227466435468894, "Temperature bobinage 1": 2.9817513204586246, "Temperature bobinage 2": -10.201787186938164, "Temperature bobinage 3": 2.4976250403755293, "Debit fumees": 0.0010202191960156843, "Pression aspiration": -5.910390204485334}}, "test": {"R2": 0.9744503163305627, "RMSE": 17.242935463441544, "MAE": 10.287040948855777, "MAPE": 1.1939478454683476, "MSE": 297.3188233964101, "SMAPE": 1.1307165221026674, "NRMSE": 0.017185570030679137, "features_weights": {"Intensite moteur": 0.7860588001751321, "Vibration palier avant": 43.70354273272256, "Vibration palier arriere": 41.977216716064625, "Temperature palier avant": 2.6983314489761043, "Temperature palier arriere": 5.7227466435468894, "Temperature bobinage 1": 2.9817513204586246, "Temperature bobinage 2": -10.201787186938164, "Temperature bobinage 3": 2.4976250403755293, "Debit fumees": 0.0010202191960156843, "Pression aspiration": -5.910390204485334}}, "range": {"min_value": 243.172, "max_value": 1340.67}}, "Lasso": {"train": {"R2": 0.9866710498925617, "RMSE": 16.6424830751932, "MAE": 10.241055360276336, "MAPE": 1.1174762572705763, "MSE": 276.97224290809214, "SMAPE": 1.1027064012896872, "NRMSE": 0.016747456130217404, "features_weights": {"Intensite moteur": 0.8697600159276812, "Vibration palier avant": 0.0, "Vibration palier arriere": 0.0, "Temperature palier avant": 2.513074030509039, "Temperature palier arriere": 4.369751807975988, "Temperature bobinage 1": -3.787262655568349, "Temperature bobinage 2": -0.050528342956887864, "Temperature bobinage 3": -0.0, "Debit fumees": 0.001161646800356882, "Pression aspiration": -5.364791079158813}}, "test": {"R2": 0.9666679121338312, "RMSE": 19.694714882639623, "MAE": 10.634964122224995, "MAPE": 1.3088837909202595, "MSE": 387.8817943084666, "SMAPE": 1.2091036793029486, "NRMSE": 0.019629192637615263, "features_weights": {"Intensite moteur": 0.8697600159276812, "Vibration palier avant": 0.0, "Vibration palier arriere": 0.0, "Temperature palier avant": 2.513074030509039, "Temperature palier arriere": 4.369751807975988, "Temperature bobinage 1": -3.787262655568349, "Temperature bobinage 2": -0.050528342956887864, "Temperature bobinage 3": -0.0, "Debit fumees": 0.001161646800356882, "Pression aspiration": -5.364791079158813}}, "range": {"min_value": 243.172, "max_value": 1340.67}}, "ElasticNet": {"train": {"R2": 0.9862342140969408, "RMSE": 16.91300036265328, "MAE": 10.125778516843717, "MAPE": 1.11380214353259, "MSE": 286.04958126710994, "SMAPE": 1.0975585144450168, "NRMSE": 0.01701967971510757, "features_weights": {"Intensite moteur": 1.0607376300603009, "Vibration palier avant": 0.0, "Vibration palier arriere": 0.0, "Temperature palier avant": 2.689766119088612, "Temperature palier arriere": 3.5940937462534666, "Temperature bobinage 1": -1.1986991086995378, "Temperature bobinage 2": -1.1933540481696636, "Temperature bobinage 3": -0.9992197532008938, "Debit fumees": 0.0013503376996027293, "Pression aspiration": -3.412918034332922}}, "test": {"R2": 0.96166444701731, "RMSE": 21.121234827400283, "MAE": 10.856562029493869, "MAPE": 1.3652120164585175, "MSE": 446.1065606341866, "SMAPE": 1.2481371694344676, "NRMSE": 0.021050966700553835, "features_weights": {"Intensite moteur": 1.0607376300603009, "Vibration palier avant": 0.0, "Vibration palier arriere": 0.0, "Temperature palier avant": 2.689766119088612, "Temperature palier arriere": 3.5940937462534666, "Temperature bobinage 1": -1.1986991086995378, "Temperature bobinage 2": -1.1933540481696636, "Temperature bobinage 3": -0.9992197532008938, "Debit fumees": 0.0013503376996027293, "Pression aspiration": -3.412918034332922}}, "range": {"min_value": 243.172, "max_value": 1340.67}}, "DecisionTreeRegressor": {"train": {"R2": 1.0, "RMSE": 0.0, "MAE": 0.0, "MAPE": 0.0, "MSE": 0.0, "SMAPE": 0.0, "NRMSE": 0.0, "features_weights": {"Intensite moteur": 0.9086439022161247, "Vibration palier avant": 0.00018604985410683502, "Vibration palier arriere": 0.0001459390283787593, "Temperature palier avant": 0.00010221114993376217, "Temperature palier arriere": 0.0005798235897025555, "Temperature bobinage 1": 0.00021222016357004192, "Temperature bobinage 2": 0.0008241363616372382, "Temperature bobinage 3": 7.240989049607337e-05, "Debit fumees": 0.005042541495742758, "Pression aspiration": 0.08419076625030733}}, "test": {"R2": 0.98833326592781, "RMSE": 11.65180179523629, "MAE": 6.183968553459111, "MAPE": 0.7897500340855352, "MSE": 135.7644850754716, "SMAPE": 0.7389557495735779, "NRMSE": 0.011613037476140932, "features_weights": {"Intensite moteur": 0.9086439022161247, "Vibration palier avant": 0.00018604985410683502, "Vibration palier arriere": 0.0001459390283787593, "Temperature palier avant": 0.00010221114993376217,