{"best_model": {"train": {"R2": 0.9994232446096052, "RMSE": 1.9073271175489679, "MAE": 1.4459010393906313, "MAPE": 0.23405072510555386, "MSE": 3.6378967333376546, "SMAPE": 0.2340024298165055, "NRMSE": 0.0035086572214967603, "features_weights": {"Vitesse moteur": 0.5506457997549647, "Vibration palier avant": 0.00013814151300515777, "Vibration palier arriere": 7.144367333171756e-05, "Temperature palier avant": 0.0024260458819623442, "Temperature palier arriere": 0.00026549373712763037, "Temperature bobinage 1": 6.0438818231018625e-05, "Temperature bobinage 2": 2.012711971685359e-05, "Temperature bobinage 3": 6.764162165158642e-05, "Debit fumees": 0.00482553279871621, "Pression aspiration": 0.44147933508129256}}, "test": {"R2": 0.9942965051279462, "RMSE": 4.242928853402137, "MAE": 2.5562664489721967, "MAPE": 0.45850111002826555, "MSE": 18.002445255032377, "SMAPE": 0.4628695600375114, "NRMSE": 0.008746431390798956, "features_weights": {"Vitesse moteur": 0.5506457997549647, "Vibration palier avant": 0.00013814151300515777, "Vibration palier arriere": 7.144367333171756e-05, "Temperature palier avant": 0.0024260458819623442, "Temperature palier arriere": 0.00026549373712763037, "Temperature bobinage 1": 6.0438818231018625e-05, "Temperature bobinage 2": 2.012711971685359e-05, "Temperature bobinage 3": 6.764162165158642e-05, "Debit fumees": 0.00482553279871621, "Pression aspiration": 0.44147933508129256}}, "range": {"min_value": 244.835, "max_value": 788.441}}, "all_models": {"LinearRegression": {"train": {"R2": 0.834106462291769, "RMSE": 0.02255317202474981, "MAE": 0.014058251075464727, "MAPE": 3.843170785044852, "MSE": 0.0005086455683779575, "SMAPE": 3.8135539171644917, "NRMSE": 0.03289376432846989, "features_weights": {"Vitesse moteur": 0.00015178266912925886, "Intensite moteur": -0.00024649732395254294, "Vibration palier arriere": 0.8043774875239158, "Temperature palier avant": 0.004794121467508108, "Temperature palier arriere": -0.0048964291664339845, "Temperature bobinage 1": -0.08227251460147662, "Temperature bobinage 2": 0.08049079039300498, "Temperature bobinage 3": 0.0027522799091391575, "Debit fumees": -2.6138554210040476e-07, "Pression aspiration": -0.003582591249376562}}, "test": {"R2": 0.8996077640127428, "RMSE": 0.017430777612714513, "MAE": 0.01332196155158084, "MAPE": 3.3198713359754652, "MSE": 0.00030383200818390947, "SMAPE": 3.2747317225511297, "NRMSE": 0.03025952874442708, "features_weights": {"Vitesse moteur": 0.00015178266912925886, "Intensite moteur": -0.00024649732395254294, "Vibration palier arriere": 0.8043774875239158, "Temperature palier avant": 0.004794121467508108, "Temperature palier arriere": -0.0048964291664339845, "Temperature bobinage 1": -0.08227251460147662, "Temperature bobinage 2": 0.08049079039300498, "Temperature bobinage 3": 0.0027522799091391575, "Debit fumees": -2.6138554210040476e-07, "Pression aspiration": -0.003582591249376562}}, "range": {"min_value": -0.0332746, "max_value": 0.660254}}, "Ridge": {"train": {"R2": 0.7605982381853588, "RMSE": 0.027092967077913487, "MAE": 0.01799064317429913, "MAPE": 5.783310928519375, "MSE": 0.0007340288650849042, "SMAPE": 4.961054683339904, "NRMSE": 0.03951504795165353, "features_weights": {"Vitesse moteur": 0.00041082778113073204, "Intensite moteur": -0.0007200228226661785, "Vibration palier arriere": 0.2770039267170429, "Temperature palier avant": 0.00204063867096627, "Temperature palier arriere": -0.009580486153719755, "Temperature bobinage 1": -0.07152520849857558, "Temperature bobinage 2": 0.0052237623199685185, "Temperature bobinage 3": 0.07026888095791399, "Debit fumees": -6.403788866794468e-07, "Pression aspiration": -0.006625831062047084}}, "test": {"R2": 0.8311192094867015, "RMSE": 0.022607723088789614, "MAE": 0.017111695078592747, "MAPE": 6.018289228216007, "MSE": 0.000511109143259391, "SMAPE": 5.202038738254933, "NRMSE": 0.03924661663701541, "features_weights": {"Vitesse moteur": 0.00041082778113073204, "Intensite moteur": -0.0007200228226661785, "Vibration palier arriere": 0.2770039267170429, "Temperature palier avant": 0.00204063867096627, "Temperature palier arriere": -0.009580486153719755, "Temperature bobinage 1": -0.07152520849857558, "Temperature bobinage 2": 0.0052237623199685185, "Temperature bobinage 3": 0.07026888095791399, "Debit fumees": -6.403788866794468e-07, "Pression aspiration": -0.006625831062047084}}, "range": {"min_value": -0.0332746, "max_value": 0.660254}}, "Lasso": {"train": {"R2": 0.43671671456272854, "RMSE": 0.041558161875136314, "MAE": 0.029637457653240527, "MAPE": 9.826547493703085, "MSE": 0.0017270808184400334, "SMAPE": 7.698796995657132, "NRMSE": 0.060612510787617285, "features_weights": {"Vitesse moteur": 0.0001673776408969108, "Intensite moteur": 0.0, "Vibration palier arriere": 0.0, "Temperature palier avant": 0.0, "Temperature palier arriere": 0.0, "Temperature bobinage 1": 0.0, "Temperature bobinage 2": 0.0, "Temperature bobinage 3": 0.0, "Debit fumees": 4.414459100326478e-07, "Pression aspiration": -0.0}}, "test": {"R2": 0.4229213829872782, "RMSE": 0.041791137250327945, "MAE": 0.029744195371415726, "MAPE": 11.826909859580857, "MSE": 0.0017464991526757482, "SMAPE": 7.946895399748641, "NRMSE": 0.07254869214590716, "features_weights": {"Vitesse moteur": 0.0001673776408969108, "Intensite moteur": 0.0, "Vibration palier arriere": 0.0, "Temperature palier avant": 0.0, "Temperature palier arriere": 0.0, "Temperature bobinage 1": 0.0, "Temperature bobinage 2": 0.0, "Temperature bobinage 3": 0.0, "Debit fumees": 4.414459100326478e-07, "Pression aspiration": -0.0}}, "range": {"min_value": -0.0332746, "max_value": 0.660254}}, "ElasticNet": {"train": {"R2": 0.48760356846678177, "RMSE": 0.03963655916018943, "MAE": 0.028434516601939904, "MAPE": 9.200493409718229, "MSE": 0.001571056822059197, "SMAPE": 7.403175034110802, "NRMSE": 0.05780985638631864, "features_weights": {"Vitesse moteur": 0.0002716068590655014, "Intensite moteur": 0.0, "Vibration palier arriere": 0.0, "Temperature palier avant": 0.0, "Temperature palier arriere": 0.0, "Temperature bobinage 1": 0.0, "Temperature bobinage 2": 0.0, "Temperature bobinage 3": 0.0, "Debit fumees": -2.5741050801372243e-07, "Pression aspiration": -0.0}}, "test": {"R2": 0.524916661584927, "RMSE": 0.03791853923046005, "MAE": 0.027779988549082476, "MAPE": 10.659263899471851, "MSE": 0.001437815617371938, "SMAPE": 7.511833321128083, "NRMSE": 0.06582592889911275, "features_weights": {"Vitesse moteur": 0.0002716068590655014, "Intensite moteur": 0.0, "Vibration palier arriere": 0.0, "Temperature palier avant": 0.0, "Temperature palier arriere": 0.0, "Temperature bobinage 1": 0.0, "Temperature bobinage 2": 0.0, "Temperature bobinage 3": 0.0, "Debit fumees": -2.5741050801372243e-07, "Pression aspiration": -0.0}}, "range": {"min_value": -0.0332746, "max_value": 0.660254}}, "DecisionTreeRegressor": {"train": {"R2": 1.0, "RMSE": 0.0, "MAE": 0.0, "MAPE": 0.0, "MSE": 0.0, "SMAPE": 0.0, "NRMSE": 0.0, "features_weights": {"Vitesse moteur": 0.01598933070989159, "Intensite moteur": 0.022174604545272602, "Vibration palier arriere": 0.7079656762747768, "Temperature palier avant": 0.1583148925274144, "Temperature palier arriere": 0.013055981386075987, "Temperature bobinage 1": 0.009603574606740724, "Temperature bobinage 2": 0.023901719789411923, "Temperature bobinage 3": 0.0043158774288996025, "Debit fumees": 0.027128107278866317, "Pression aspiration": 0.01755023545265007}}, "test": {"R2": 0.846961160862461, "RMSE": 0.021521251851639535, "MAE": 0.014421288679245286, "MAPE": 3.9324901642001793, "MSE": 0.0004631642812616981, "SMAPE": 3.736547790913167, "NRMSE": 0.037360521342760994, "features_weights": {"Vitesse moteur": 0.01598933070989159, "Intensite moteur": 0.022174604545272602, "Vibration palier arriere": 0.7079656762747768, "Temperature palier avant": 0.1583148925274144, "Temperature palier arriere": 0.013055981386075987, "Temperature bobinage 1": 0.009603574606740724, "Temperature bobinage 2": 0.023901719789411923,