{"best_model": {"train": {"R2": 0.9999904107199211, "RMSE": 0.027959403773886136, "MAE": 0.02189052255946021, "MAPE": 0.02846452959729345, "MSE": 0.0007817282593911983, "SMAPE": 0.028464660236557603, "NRMSE": 0.0005346180969768601, "features_weights": {"Vitesse moteur": -0.00010046881042411227, "Intensite moteur": -0.00024594357274632675, "Vibration palier avant": 0.12370485340423314, "Vibration palier arriere": -0.16353114031974564, "Temperature palier avant": -0.003718690192494537, "Temperature palier arriere": 0.0013349804968511287, "Temperature bobinage 1": 0.6020087127307643, "Temperature bobinage 3": 0.39897787104962235, "Debit fumees": -1.6874494368542144e-08, "Pression aspiration": -0.0004143622689442568}}, "test": {"R2": 0.9999862274434792, "RMSE": 0.02885797179470676, "MAE": 0.023331329670774087, "MAPE": 0.03010841428596317, "MSE": 0.0008327825361040908, "SMAPE": 0.030108198639451834, "NRMSE": 0.0005676356450416267, "features_weights": {"Vitesse moteur": -0.00010046881042411227, "Intensite moteur": -0.00024594357274632675, "Vibration palier avant": 0.12370485340423314, "Vibration palier arriere": -0.16353114031974564, "Temperature palier avant": -0.003718690192494537, "Temperature palier arriere": 0.0013349804968511287, "Temperature bobinage 1": 0.6020087127307643, "Temperature bobinage 3": 0.39897787104962235, "Debit fumees": -1.6874494368542144e-08, "Pression aspiration": -0.0004143622689442568}}, "range": {"min_value": 40.9206, "max_value": 93.3583}}, "all_models": {"LinearRegression": {"train": {"R2": 0.9946160124122976, "RMSE": 0.699382566639545, "MAE": 0.4156551126294264, "MAPE": 1.0647228544905387, "MSE": 0.4891359745193177, "SMAPE": 1.06144802868117, "NRMSE": 0.010778451477335716, "features_weights": {"Vitesse moteur": -0.00962280919927622, "Intensite moteur": -0.08130343965814774, "Vibration palier avant": -3.4451774890265834, "Vibration palier arriere": -2.298941379548281, "Temperature palier avant": -0.2214537825280646, "Temperature palier arriere": 0.0801913234621495, "Temperature bobinage 1": -3.2535896290392254, "Temperature bobinage 2": -0.25927103157487813, "Temperature bobinage 3": 3.5511224495062725, "Debit fumees": -4.704866758035997e-05}}, "test": {"R2": 0.9944656755241411, "RMSE": 0.5243413465257032, "MAE": 0.37327846086257377, "MAPE": 0.8852139474737767, "MSE": 0.2749338476763875, "SMAPE": 0.8528626299948256, "NRMSE": 0.008724078096316064, "features_weights": {"Vitesse moteur": -0.00962280919927622, "Intensite moteur": -0.08130343965814774, "Vibration palier avant": -3.4451774890265834, "Vibration palier arriere": -2.298941379548281, "Temperature palier avant": -0.2214537825280646, "Temperature palier arriere": 0.0801913234621495, "Temperature bobinage 1": -3.2535896290392254, "Temperature bobinage 2": -0.25927103157487813, "Temperature bobinage 3": 3.5511224495062725, "Debit fumees": -4.704866758035997e-05}}, "range": {"min_value": -71.3641, "max_value": -3.67792}}, "Ridge": {"train": {"R2": 0.994446583812187, "RMSE": 0.7103017562530405, "MAE": 0.4094044035063804, "MAPE": 1.0263085534419654, "MSE": 0.5045285849361537, "SMAPE": 1.0295749588120064, "NRMSE": 0.010946731273022339, "features_weights": {"Vitesse moteur": -0.011874199970277832, "Intensite moteur": -0.08187833365598368, "Vibration palier avant": -1.4160722187606891, "Vibration palier arriere": -1.0267811940505815, "Temperature palier avant": -0.19868286339332356, "Temperature palier arriere": 0.13454510315242157, "Temperature bobinage 1": -1.9045286821272074, "Temperature bobinage 2": -0.28082699409843914, "Temperature bobinage 3": 2.181130896620716, "Debit fumees": -4.674287516780191e-05}}, "test": {"R2": 0.9941123369046406, "RMSE": 0.5408206569219174, "MAE": 0.3831029921627587, "MAPE": 1.073806371828017, "MSE": 0.2924869829534542, "SMAPE": 0.9843848395765418, "NRMSE": 0.0089982635898359, "features_weights": {"Vitesse moteur": -0.011874199970277832, "Intensite moteur": -0.08187833365598368, "Vibration palier avant": -1.4160722187606891, "Vibration palier arriere": -1.0267811940505815, "Temperature palier avant": -0.19868286339332356, "Temperature palier arriere": 0.13454510315242157, "Temperature bobinage 1": -1.9045286821272074, "Temperature bobinage 2": -0.28082699409843914, "Temperature bobinage 3": 2.181130896620716, "Debit fumees": -4.674287516780191e-05}}, "range": {"min_value": -71.3641, "max_value": -3.67792}}, "Lasso": {"train": {"R2": 0.9922718305223789, "RMSE": 0.8379171826292154, "MAE": 0.501618014991013, "MAPE": 1.1207217248261367, "MSE": 0.702105204945282, "SMAPE": 1.1351529670016103, "NRMSE": 0.012913461281126798, "features_weights": {"Vitesse moteur": -0.015784448025955456, "Intensite moteur": -0.07969793384841498, "Vibration palier avant": -0.0, "Vibration palier arriere": -0.0, "Temperature palier avant": -0.010188186596651492, "Temperature palier arriere": -0.0, "Temperature bobinage 1": -0.05236519859037773, "Temperature bobinage 2": -0.0, "Temperature bobinage 3": -0.0, "Debit fumees": -3.5004677930113575e-05}}, "test": {"R2": 0.9895969449718488, "RMSE": 0.7188896711876793, "MAE": 0.5271833365729713, "MAPE": 1.4445732223731163, "MSE": 0.5168023593403297, "SMAPE": 1.315096762021676, "NRMSE": 0.01196100531768546, "features_weights": {"Vitesse moteur": -0.015784448025955456, "Intensite moteur": -0.07969793384841498, "Vibration palier avant": -0.0, "Vibration palier arriere": -0.0, "Temperature palier avant": -0.010188186596651492, "Temperature palier arriere": -0.0, "Temperature bobinage 1": -0.05236519859037773, "Temperature bobinage 2": -0.0, "Temperature bobinage 3": -0.0, "Debit fumees": -3.5004677930113575e-05}}, "range": {"min_value": -71.3641, "max_value": -3.67792}}, "ElasticNet": {"train": {"R2": 0.9927588646727142, "RMSE": 0.8110845140110868, "MAE": 0.47253263907735266, "MAPE": 1.0980045820802011, "MSE": 0.6578580888686009, "SMAPE": 1.1100381283289966, "NRMSE": 0.01249993279113659, "features_weights": {"Vitesse moteur": -0.012733299588370914, "Intensite moteur": -0.0845205797884192, "Vibration palier avant": -0.0, "Vibration palier arriere": -0.0, "Temperature palier avant": -0.06753451317316421, "Temperature palier arriere": 0.0, "Temperature bobinage 1": -0.01936625824559417, "Temperature bobinage 2": -0.0021348737046327894, "Temperature bobinage 3": -0.0, "Debit fumees": -3.74494739845363e-05}}, "test": {"R2": 0.9902164310193365, "RMSE": 0.6971567741185911, "MAE": 0.49065910144006325, "MAPE": 1.4281467637953804, "MSE": 0.48602756769944033, "SMAPE": 1.2717126252786009, "NRMSE": 0.011599409779690574, "features_weights": {"Vitesse moteur": -0.012733299588370914, "Intensite moteur": -0.0845205797884192, "Vibration palier avant": -0.0, "Vibration palier arriere": -0.0, "Temperature palier avant": -0.06753451317316421, "Temperature palier arriere": 0.0, "Temperature bobinage 1": -0.01936625824559417, "Temperature bobinage 2": -0.0021348737046327894, "Temperature bobinage 3": -0.0, "Debit fumees": -3.74494739845363e-05}}, "range": {"min_value": -71.3641, "max_value": -3.67792}}, "DecisionTreeRegressor": {"train": {"R2": 1.0, "RMSE": 0.0, "MAE": 0.0, "MAPE": 0.0, "MSE": 0.0, "SMAPE": 0.0, "NRMSE": 0.0, "features_weights": {"Vitesse moteur": 0.9545497311120067, "Intensite moteur": 0.041111657034084204, "Vibration palier avant": 0.0007594251031728835, "Vibration palier arriere": 8.06394985673646e-05, "Temperature palier avant": 0.0022394034149259474, "Temperature palier arriere": 0.0003979753008882755, "Temperature bobinage 1": 8.428799142824395e-05, "Temperature bobinage 2": 0.00027216790540496327, "Temperature bobinage 3": 0.000378891026284143, "Debit fumees": 0.00012582161323730127}}, "test": {"R2": 0.9857884696606687, "RMSE": 0.8402378074912698, "MAE": 0.4040662264150943, "MAPE": 1.5397744122810075, "MSE": 0.7059995731377361, "SMAPE": 1.3103888250132705, "NRMSE": 0.013980015691308616, "features_weights": {"Vitesse moteur": 0.9545497311120067, "Intensite moteur": 0.041111657034084204, "Vibration palier avant": 0.0007594251031728835,