{"best_model": {"train": {"R2": 0.9994232446096052, "RMSE": 1.9073271175489679, "MAE": 1.4459010393906313, "MAPE": 0.23405072510555386, "MSE": 3.6378967333376546, "SMAPE": 0.2340024298165055, "NRMSE": 0.0035086572214967603, "features_weights": {"Vitesse moteur": 0.5506457997549647, "Vibration palier avant": 0.00013814151300515777, "Vibration palier arriere": 7.144367333171756e-05, "Temperature palier avant": 0.0024260458819623442, "Temperature palier arriere": 0.00026549373712763037, "Temperature bobinage 1": 6.0438818231018625e-05, "Temperature bobinage 2": 2.012711971685359e-05, "Temperature bobinage 3": 6.764162165158642e-05, "Debit fumees": 0.00482553279871621, "Pression aspiration": 0.44147933508129256}}, "test": {"R2": 0.9942965051279462, "RMSE": 4.242928853402137, "MAE": 2.5562664489721967, "MAPE": 0.45850111002826555, "MSE": 18.002445255032377, "SMAPE": 0.4628695600375114, "NRMSE": 0.008746431390798956, "features_weights": {"Vitesse moteur": 0.5506457997549647, "Vibration palier avant": 0.00013814151300515777, "Vibration palier arriere": 7.144367333171756e-05, "Temperature palier avant": 0.0024260458819623442, "Temperature palier arriere": 0.00026549373712763037, "Temperature bobinage 1": 6.0438818231018625e-05, "Temperature bobinage 2": 2.012711971685359e-05, "Temperature bobinage 3": 6.764162165158642e-05, "Debit fumees": 0.00482553279871621, "Pression aspiration": 0.44147933508129256}}, "range": {"min_value": 244.835, "max_value": 788.441}}, "all_models": {"LinearRegression": {"train": {"R2": 0.7378873174416933, "RMSE": 0.019758665137592307, "MAE": 0.01071997001637464, "MAPE": 4.15063342888139, "MSE": 0.00039040484801950565, "SMAPE": 3.957783615087525, "NRMSE": 0.037478009368982663, "features_weights": {"Vitesse moteur": 0.0001474349349903056, "Intensite moteur": -0.00033546890561154675, "Vibration palier avant": 0.6173903603810383, "Temperature palier avant": -0.006364392568843287, "Temperature palier arriere": -0.0017385973856163459, "Temperature bobinage 1": 0.001950595002598924, "Temperature bobinage 2": -0.0816694922001936, "Temperature bobinage 3": 0.08262287282744367, "Debit fumees": -2.170472858864709e-07, "Pression aspiration": -0.0018349046208877894}}, "test": {"R2": 0.8120290737069681, "RMSE": 0.015261839915250526, "MAE": 0.010469420675103964, "MAPE": 5.667127416153878, "MSE": 0.0002329237575987342, "SMAPE": 4.475738322140853, "NRMSE": 0.039355899257048466, "features_weights": {"Vitesse moteur": 0.0001474349349903056, "Intensite moteur": -0.00033546890561154675, "Vibration palier avant": 0.6173903603810383, "Temperature palier avant": -0.006364392568843287, "Temperature palier arriere": -0.0017385973856163459, "Temperature bobinage 1": 0.001950595002598924, "Temperature bobinage 2": -0.0816694922001936, "Temperature bobinage 3": 0.08262287282744367, "Debit fumees": -2.170472858864709e-07, "Pression aspiration": -0.0018349046208877894}}, "range": {"min_value": -0.0289344, "max_value": 0.500533}}, "Ridge": {"train": {"R2": 0.6413197441602361, "RMSE": 0.023113585400990084, "MAE": 0.012530368555410551, "MAPE": 5.428177999441859, "MSE": 0.0005342378300888619, "SMAPE": 4.582321673791784, "NRMSE": 0.04384158363820747, "features_weights": {"Vitesse moteur": 0.000358953833377808, "Intensite moteur": -0.0006562120981952393, "Vibration palier avant": 0.25198095718614233, "Temperature palier avant": -0.005598274396279919, "Temperature palier arriere": -0.006138621993632079, "Temperature bobinage 1": -0.05145268577198287, "Temperature bobinage 2": -0.023556863712062247, "Temperature bobinage 3": 0.0796196876445564, "Debit fumees": -5.171668219144164e-07, "Pression aspiration": -0.004370334287283952}}, "test": {"R2": 0.7121670071604365, "RMSE": 0.01888564577938786, "MAE": 0.011258029282697162, "MAPE": 7.109168824656782, "MSE": 0.00035666761650451044, "SMAPE": 4.613887391053333, "NRMSE": 0.048700653186329164, "features_weights": {"Vitesse moteur": 0.000358953833377808, "Intensite moteur": -0.0006562120981952393, "Vibration palier avant": 0.25198095718614233, "Temperature palier avant": -0.005598274396279919, "Temperature palier arriere": -0.006138621993632079, "Temperature bobinage 1": -0.05145268577198287, "Temperature bobinage 2": -0.023556863712062247, "Temperature bobinage 3": 0.0796196876445564, "Debit fumees": -5.171668219144164e-07, "Pression aspiration": -0.004370334287283952}}, "range": {"min_value": -0.0289344, "max_value": 0.500533}}, "Lasso": {"train": {"R2": 0.04913094847312216, "RMSE": 0.03763344186195925, "MAE": 0.02178981995895549, "MAPE": 9.968007376614029, "MSE": 0.0014162759463774669, "SMAPE": 7.6161571390378935, "NRMSE": 0.0713826808070214, "features_weights": {"Vitesse moteur": 0.0, "Intensite moteur": 0.0, "Vibration palier avant": 0.0, "Temperature palier avant": -0.0, "Temperature palier arriere": -0.0, "Temperature bobinage 1": -0.0, "Temperature bobinage 2": -0.0, "Temperature bobinage 3": -0.0, "Debit fumees": 4.5214838338304883e-07, "Pression aspiration": -0.0}}, "test": {"R2": 0.09417154966001706, "RMSE": 0.03350306435096424, "MAE": 0.019893179431504794, "MAPE": 12.526611892417597, "MSE": 0.0011224553209048512, "SMAPE": 7.244218039771072, "NRMSE": 0.08639477498918036, "features_weights": {"Vitesse moteur": 0.0, "Intensite moteur": 0.0, "Vibration palier avant": 0.0, "Temperature palier avant": -0.0, "Temperature palier arriere": -0.0, "Temperature bobinage 1": -0.0, "Temperature bobinage 2": -0.0, "Temperature bobinage 3": -0.0, "Debit fumees": 4.5214838338304883e-07, "Pression aspiration": -0.0}}, "range": {"min_value": -0.0289344, "max_value": 0.500533}}, "ElasticNet": {"train": {"R2": 0.12023188195380186, "RMSE": 0.03619909334632348, "MAE": 0.021146858399931828, "MAPE": 9.508186076757823, "MSE": 0.0013103743590958405, "SMAPE": 7.415756874657611, "NRMSE": 0.06866202499687216, "features_weights": {"Vitesse moteur": 7.730943520126403e-05, "Intensite moteur": 0.0, "Vibration palier avant": 0.0, "Temperature palier avant": -0.0, "Temperature palier arriere": -0.0, "Temperature bobinage 1": -0.0, "Temperature bobinage 2": -0.0, "Temperature bobinage 3": -0.0, "Debit fumees": -6.511516130270088e-08, "Pression aspiration": -0.0}}, "test": {"R2": 0.23462032555511536, "RMSE": 0.030796404512077907, "MAE": 0.018965891620136156, "MAPE": 11.663794327259676, "MSE": 0.0009484185308715324, "SMAPE": 6.988157241975308, "NRMSE": 0.07941507709339352, "features_weights": {"Vitesse moteur": 7.730943520126403e-05, "Intensite moteur": 0.0, "Vibration palier avant": 0.0, "Temperature palier avant": -0.0, "Temperature palier arriere": -0.0, "Temperature bobinage 1": -0.0, "Temperature bobinage 2": -0.0, "Temperature bobinage 3": -0.0, "Debit fumees": -6.511516130270088e-08, "Pression aspiration": -0.0}}, "range": {"min_value": -0.0289344, "max_value": 0.500533}}, "DecisionTreeRegressor": {"train": {"R2": 1.0, "RMSE": 0.0, "MAE": 0.0, "MAPE": 0.0, "MSE": 0.0, "SMAPE": 0.0, "NRMSE": 0.0, "features_weights": {"Vitesse moteur": 0.004942853769794926, "Intensite moteur": 0.01747951044429222, "Vibration palier avant": 0.6059411522705814, "Temperature palier avant": 0.23127288227498977, "Temperature palier arriere": 0.030230723525445875, "Temperature bobinage 1": 0.0024353740192735993, "Temperature bobinage 2": 0.0031279187412560634, "Temperature bobinage 3": 0.0033145365507152792, "Debit fumees": 0.020808754980923636, "Pression aspiration": 0.08044629342272712}}, "test": {"R2": 0.8511753393051377, "RMSE": 0.013579976036753708, "MAE": 0.01073020440251572, "MAPE": 3.5673899295782276, "MSE": 0.00018441574915880495, "SMAPE": 3.575918508305372, "NRMSE": 0.03501885564148496, "features_weights": {"Vitesse moteur": 0.004942853769794926, "Intensite moteur": 0.01747951044429222, "Vibration palier avant": 0.6059411522705814, "Temperature palier avant": 0.23127288227498977, "Temperature palier arriere": 0.030230723525445875, "Temperature bobinage 1": 0.0024353740192735993, "Temperature bobinage 2": 0.0031279187412560634,