{"best_model": {"train": {"R2": 0.9994232446096052, "RMSE": 1.9073271175489679, "MAE": 1.4459010393906313, "MAPE": 0.23405072510555386, "MSE": 3.6378967333376546, "SMAPE": 0.2340024298165055, "NRMSE": 0.0035086572214967603, "features_weights": {"Vitesse moteur": 0.5506457997549647, "Vibration palier avant": 0.00013814151300515777, "Vibration palier arriere": 7.144367333171756e-05, "Temperature palier avant": 0.0024260458819623442, "Temperature palier arriere": 0.00026549373712763037, "Temperature bobinage 1": 6.0438818231018625e-05, "Temperature bobinage 2": 2.012711971685359e-05, "Temperature bobinage 3": 6.764162165158642e-05, "Debit fumees": 0.00482553279871621, "Pression aspiration": 0.44147933508129256}}, "test": {"R2": 0.9942965051279462, "RMSE": 4.242928853402137, "MAE": 2.5562664489721967, "MAPE": 0.45850111002826555, "MSE": 18.002445255032377, "SMAPE": 0.4628695600375114, "NRMSE": 0.008746431390798956, "features_weights": {"Vitesse moteur": 0.5506457997549647, "Vibration palier avant": 0.00013814151300515777, "Vibration palier arriere": 7.144367333171756e-05, "Temperature palier avant": 0.0024260458819623442, "Temperature palier arriere": 0.00026549373712763037, "Temperature bobinage 1": 6.0438818231018625e-05, "Temperature bobinage 2": 2.012711971685359e-05, "Temperature bobinage 3": 6.764162165158642e-05, "Debit fumees": 0.00482553279871621, "Pression aspiration": 0.44147933508129256}}, "range": {"min_value": 244.835, "max_value": 788.441}}, "all_models": {"LinearRegression": {"train": {"R2": 0.9593096246466243, "RMSE": 1.1574201746397852, "MAE": 0.7793549509737604, "MAPE": 1.423741833073372, "MSE": 1.3396214606631907, "SMAPE": 1.419296564942748, "NRMSE": 0.029503445695635618, "features_weights": {"Vitesse moteur": 0.03452876426608264, "Intensite moteur": -0.011159556014295377, "Vibration palier avant": -12.895741159977037, "Vibration palier arriere": -5.9657619034182705, "Temperature palier avant": 0.007018791353390525, "Temperature bobinage 1": -5.291236947848814, "Temperature bobinage 2": 2.287711236819228, "Temperature bobinage 3": 3.5075689389953215, "Debit fumees": 2.9106791726163025e-05, "Pression aspiration": 0.21962403802838454}}, "test": {"R2": 0.9435689674336737, "RMSE": 1.12234944264229, "MAE": 0.7633114690435734, "MAPE": 1.3623170302593979, "MSE": 1.259668271399459, "SMAPE": 1.349457507244597, "NRMSE": 0.031231636051632747, "features_weights": {"Vitesse moteur": 0.03452876426608264, "Intensite moteur": -0.011159556014295377, "Vibration palier avant": -12.895741159977037, "Vibration palier arriere": -5.9657619034182705, "Temperature palier avant": 0.007018791353390525, "Temperature bobinage 1": -5.291236947848814, "Temperature bobinage 2": 2.287711236819228, "Temperature bobinage 3": 3.5075689389953215, "Debit fumees": 2.9106791726163025e-05, "Pression aspiration": 0.21962403802838454}}, "range": {"min_value": 28.0679, "max_value": 67.2979}}, "Ridge": {"train": {"R2": 0.956460040485742, "RMSE": 1.1972620329054204, "MAE": 0.8358912683271992, "MAPE": 1.4991239266266922, "MSE": 1.4334363754368198, "SMAPE": 1.4949301202727951, "NRMSE": 0.03051904238861638, "features_weights": {"Vitesse moteur": 0.03364024334934533, "Intensite moteur": -0.00045993572369043106, "Vibration palier avant": -5.990995544507727, "Vibration palier arriere": -4.219884305722052, "Temperature palier avant": 0.05283771482625022, "Temperature bobinage 1": -2.113809774113836, "Temperature bobinage 2": 0.5309046022680608, "Temperature bobinage 3": 2.0647587694068568, "Debit fumees": 4.33060685646826e-05, "Pression aspiration": 0.3936717954316631}}, "test": {"R2": 0.9391081590335502, "RMSE": 1.1658660315242346, "MAE": 0.8132879892888825, "MAPE": 1.4234404615843421, "MSE": 1.3592436034620679, "SMAPE": 1.4153824969818651, "NRMSE": 0.03244257287267288, "features_weights": {"Vitesse moteur": 0.03364024334934533, "Intensite moteur": -0.00045993572369043106, "Vibration palier avant": -5.990995544507727, "Vibration palier arriere": -4.219884305722052, "Temperature palier avant": 0.05283771482625022, "Temperature bobinage 1": -2.113809774113836, "Temperature bobinage 2": 0.5309046022680608, "Temperature bobinage 3": 2.0647587694068568, "Debit fumees": 4.33060685646826e-05, "Pression aspiration": 0.3936717954316631}}, "range": {"min_value": 28.0679, "max_value": 67.2979}}, "Lasso": {"train": {"R2": 0.939867514930559, "RMSE": 1.4070183977323298, "MAE": 1.0204597733113872, "MAPE": 1.8060715211249163, "MSE": 1.9797007715572528, "SMAPE": 1.803117484995614, "NRMSE": 0.03586587809666913, "features_weights": {"Vitesse moteur": 0.024272658163629324, "Intensite moteur": -0.0351522595089758, "Vibration palier avant": -0.0, "Vibration palier arriere": -0.0, "Temperature palier avant": 0.0, "Temperature bobinage 1": 0.10368730947481244, "Temperature bobinage 2": 0.16378611564880333, "Temperature bobinage 3": 0.20464957265653955, "Debit fumees": 4.3026090044498636e-05, "Pression aspiration": 0.0}}, "test": {"R2": 0.9080571799097216, "RMSE": 1.4326100943568083, "MAE": 1.0285192386507205, "MAPE": 1.7627298351980139, "MSE": 2.052371682453023, "SMAPE": 1.7624614262430167, "NRMSE": 0.03986526421353362, "features_weights": {"Vitesse moteur": 0.024272658163629324, "Intensite moteur": -0.0351522595089758, "Vibration palier avant": -0.0, "Vibration palier arriere": -0.0, "Temperature palier avant": 0.0, "Temperature bobinage 1": 0.10368730947481244, "Temperature bobinage 2": 0.16378611564880333, "Temperature bobinage 3": 0.20464957265653955, "Debit fumees": 4.3026090044498636e-05, "Pression aspiration": 0.0}}, "range": {"min_value": 28.0679, "max_value": 67.2979}}, "ElasticNet": {"train": {"R2": 0.9404631757028292, "RMSE": 1.4000322276399475, "MAE": 1.0132775983326112, "MAPE": 1.791456590686937, "MSE": 1.9600902384304737, "SMAPE": 1.7884394532979928, "NRMSE": 0.035687795759366495, "features_weights": {"Vitesse moteur": 0.026113879188338178, "Intensite moteur": -0.03828328815485598, "Vibration palier avant": -0.0, "Vibration palier arriere": -0.0, "Temperature palier avant": 0.006038250680393179, "Temperature bobinage 1": 0.12970620883604322, "Temperature bobinage 2": 0.15811914205761374, "Temperature bobinage 3": 0.18756275291209765, "Debit fumees": 3.907044136174721e-05, "Pression aspiration": 0.0}}, "test": {"R2": 0.9084144447269354, "RMSE": 1.4298240184519533, "MAE": 1.020498897736248, "MAPE": 1.751258821509234, "MSE": 2.044396723742092, "SMAPE": 1.750714382943625, "NRMSE": 0.03978773603437063, "features_weights": {"Vitesse moteur": 0.026113879188338178, "Intensite moteur": -0.03828328815485598, "Vibration palier avant": -0.0, "Vibration palier arriere": -0.0, "Temperature palier avant": 0.006038250680393179, "Temperature bobinage 1": 0.12970620883604322, "Temperature bobinage 2": 0.15811914205761374, "Temperature bobinage 3": 0.18756275291209765, "Debit fumees": 3.907044136174721e-05, "Pression aspiration": 0.0}}, "range": {"min_value": 28.0679, "max_value": 67.2979}}, "DecisionTreeRegressor": {"train": {"R2": 1.0, "RMSE": 0.0, "MAE": 0.0, "MAPE": 0.0, "MSE": 0.0, "SMAPE": 0.0, "NRMSE": 0.0, "features_weights": {"Vitesse moteur": 0.000633097426672514, "Intensite moteur": 0.002377875164554338, "Vibration palier avant": 0.010200803410722879, "Vibration palier arriere": 0.009998155734776188, "Temperature palier avant": 0.3019377986155066, "Temperature bobinage 1": 0.5762179623582111, "Temperature bobinage 2": 0.022470239740882036, "Temperature bobinage 3": 0.059292812357993566, "Debit fumees": 0.013693573401456416, "Pression aspiration": 0.003177681789224421}}, "test": {"R2": 0.9416182092127061, "RMSE": 1.1415838150261062, "MAE": 0.6435213836477987, "MAPE": 1.1481792348274318, "MSE": 1.3032136067295588, "SMAPE": 1.1571175870783732, "NRMSE": 0.03176687124234009, "features_weights": {"Vitesse moteur": 0.000633097426672514, "Intensite moteur": 0.002377875164554338, "Vibration palier avant": 0.010200803410722879, "Vibration palier arriere": 0.009998155734776188,