{"best_model": {"train": {"R2": 0.9994232446096052, "RMSE": 1.9073271175489679, "MAE": 1.4459010393906313, "MAPE": 0.23405072510555386, "MSE": 3.6378967333376546, "SMAPE": 0.2340024298165055, "NRMSE": 0.0035086572214967603, "features_weights": {"Vitesse moteur": 0.5506457997549647, "Vibration palier avant": 0.00013814151300515777, "Vibration palier arriere": 7.144367333171756e-05, "Temperature palier avant": 0.0024260458819623442, "Temperature palier arriere": 0.00026549373712763037, "Temperature bobinage 1": 6.0438818231018625e-05, "Temperature bobinage 2": 2.012711971685359e-05, "Temperature bobinage 3": 6.764162165158642e-05, "Debit fumees": 0.00482553279871621, "Pression aspiration": 0.44147933508129256}}, "test": {"R2": 0.9942965051279462, "RMSE": 4.242928853402137, "MAE": 2.5562664489721967, "MAPE": 0.45850111002826555, "MSE": 18.002445255032377, "SMAPE": 0.4628695600375114, "NRMSE": 0.008746431390798956, "features_weights": {"Vitesse moteur": 0.5506457997549647, "Vibration palier avant": 0.00013814151300515777, "Vibration palier arriere": 7.144367333171756e-05, "Temperature palier avant": 0.0024260458819623442, "Temperature palier arriere": 0.00026549373712763037, "Temperature bobinage 1": 6.0438818231018625e-05, "Temperature bobinage 2": 2.012711971685359e-05, "Temperature bobinage 3": 6.764162165158642e-05, "Debit fumees": 0.00482553279871621, "Pression aspiration": 0.44147933508129256}}, "range": {"min_value": 244.835, "max_value": 788.441}}, "all_models": {"LinearRegression": {"train": {"R2": 0.9926371355932425, "RMSE": 6.814794334523482, "MAE": 3.9645499335492707, "MAPE": 0.7336824859216743, "MSE": 46.441421821853346, "SMAPE": 0.734079689263704, "NRMSE": 0.012536275049435587, "features_weights": {"Vitesse moteur": 0.15462846867651506, "Vibration palier avant": -22.506214368575282, "Vibration palier arriere": -39.90640237343921, "Temperature palier avant": -2.9429900753926064, "Temperature palier arriere": -0.38687469813231706, "Temperature bobinage 1": -8.520874337664017, "Temperature bobinage 2": -14.611176030909245, "Temperature bobinage 3": 24.702802491784876, "Debit fumees": -0.0006214885686048888, "Pression aspiration": -7.719422682909852}}, "test": {"R2": 0.9840724232992504, "RMSE": 7.090389192480787, "MAE": 4.02629599453118, "MAPE": 0.6941878168537216, "MSE": 50.27361890084834, "SMAPE": 0.705458208070651, "NRMSE": 0.014616224958938261, "features_weights": {"Vitesse moteur": 0.15462846867651506, "Vibration palier avant": -22.506214368575282, "Vibration palier arriere": -39.90640237343921, "Temperature palier avant": -2.9429900753926064, "Temperature palier arriere": -0.38687469813231706, "Temperature bobinage 1": -8.520874337664017, "Temperature bobinage 2": -14.611176030909245, "Temperature bobinage 3": 24.702802491784876, "Debit fumees": -0.0006214885686048888, "Pression aspiration": -7.719422682909852}}, "range": {"min_value": 244.835, "max_value": 788.441}}, "Ridge": {"train": {"R2": 0.9924628988970259, "RMSE": 6.89495637703177, "MAE": 4.002487197603984, "MAPE": 0.7446251252697047, "MSE": 47.540423441171065, "SMAPE": 0.7442748976723901, "NRMSE": 0.012683738547830175, "features_weights": {"Vitesse moteur": 0.14628568839575573, "Vibration palier avant": -14.254431712725157, "Vibration palier arriere": -14.281245417618095, "Temperature palier avant": -2.736416117712211, "Temperature palier arriere": -0.014560937547828653, "Temperature bobinage 1": -6.073932878089435, "Temperature bobinage 2": -4.058160856502611, "Temperature bobinage 3": 11.426598560998213, "Debit fumees": -0.0006181306478915525, "Pression aspiration": -7.58451119466812}}, "test": {"R2": 0.9819439381700689, "RMSE": 7.549300944282073, "MAE": 4.043042384747031, "MAPE": 0.7157804109792816, "MSE": 56.991944747338195, "SMAPE": 0.7325182343964386, "NRMSE": 0.015562231901369752, "features_weights": {"Vitesse moteur": 0.14628568839575573, "Vibration palier avant": -14.254431712725157, "Vibration palier arriere": -14.281245417618095, "Temperature palier avant": -2.736416117712211, "Temperature palier arriere": -0.014560937547828653, "Temperature bobinage 1": -6.073932878089435, "Temperature bobinage 2": -4.058160856502611, "Temperature bobinage 3": 11.426598560998213, "Debit fumees": -0.0006181306478915525, "Pression aspiration": -7.58451119466812}}, "range": {"min_value": 244.835, "max_value": 788.441}}, "Lasso": {"train": {"R2": 0.9918043414172908, "RMSE": 7.18987403021631, "MAE": 4.17188998915841, "MAPE": 0.7742279873050351, "MSE": 51.69428857037892, "SMAPE": 0.7742289623804143, "NRMSE": 0.013226259515561473, "features_weights": {"Vitesse moteur": 0.17265276225106388, "Vibration palier avant": -0.0, "Vibration palier arriere": -0.0, "Temperature palier avant": -2.000802077399319, "Temperature palier arriere": 0.0, "Temperature bobinage 1": 0.7334838368936458, "Temperature bobinage 2": 0.0, "Temperature bobinage 3": 0.04648800372400446, "Debit fumees": -0.0006278837966320421, "Pression aspiration": -7.007006562155279}}, "test": {"R2": 0.974331346440199, "RMSE": 9.001124443439195, "MAE": 4.420626848898238, "MAPE": 0.801247855732195, "MSE": 81.02024124627856, "SMAPE": 0.8283451083823076, "NRMSE": 0.018555040658166485, "features_weights": {"Vitesse moteur": 0.17265276225106388, "Vibration palier avant": -0.0, "Vibration palier arriere": -0.0, "Temperature palier avant": -2.000802077399319, "Temperature palier arriere": 0.0, "Temperature bobinage 1": 0.7334838368936458, "Temperature bobinage 2": 0.0, "Temperature bobinage 3": 0.04648800372400446, "Debit fumees": -0.0006278837966320421, "Pression aspiration": -7.007006562155279}}, "range": {"min_value": 244.835, "max_value": 788.441}}, "ElasticNet": {"train": {"R2": 0.991071132873041, "RMSE": 7.5045997132585125, "MAE": 4.350150112405018, "MAPE": 0.8118653420723969, "MSE": 56.31901685623975, "SMAPE": 0.8145828924533858, "NRMSE": 0.013805218693793874, "features_weights": {"Vitesse moteur": 0.2594940649096827, "Vibration palier avant": -0.0, "Vibration palier arriere": -0.0, "Temperature palier avant": -2.1589038525779523, "Temperature palier arriere": -0.14813142379871713, "Temperature bobinage 1": 0.41615735446121377, "Temperature bobinage 2": 0.34473634431333994, "Temperature bobinage 3": 0.29484352854898255, "Debit fumees": -0.0006746356495567282, "Pression aspiration": -5.717742426594307}}, "test": {"R2": 0.9679787847027614, "RMSE": 10.05342696044265, "MAE": 4.824487074354993, "MAPE": 0.8820562055606079, "MSE": 101.07139364895515, "SMAPE": 0.9170385641361394, "NRMSE": 0.020724271414877322, "features_weights": {"Vitesse moteur": 0.2594940649096827, "Vibration palier avant": -0.0, "Vibration palier arriere": -0.0, "Temperature palier avant": -2.1589038525779523, "Temperature palier arriere": -0.14813142379871713, "Temperature bobinage 1": 0.41615735446121377, "Temperature bobinage 2": 0.34473634431333994, "Temperature bobinage 3": 0.29484352854898255, "Debit fumees": -0.0006746356495567282, "Pression aspiration": -5.717742426594307}}, "range": {"min_value": 244.835, "max_value": 788.441}}, "DecisionTreeRegressor": {"train": {"R2": 1.0, "RMSE": 0.0, "MAE": 0.0, "MAPE": 0.0, "MSE": 0.0, "SMAPE": 0.0, "NRMSE": 0.0, "features_weights": {"Vitesse moteur": 0.8911073160407047, "Vibration palier avant": 0.000555668817513776, "Vibration palier arriere": 0.00011665126852790395, "Temperature palier avant": 0.0009616066946869911, "Temperature palier arriere": 0.0028522304168933296, "Temperature bobinage 1": 0.00027730521609856595, "Temperature bobinage 2": 6.0566488449533366e-05, "Temperature bobinage 3": 0.0002742797692444945, "Debit fumees": 0.004430152759330266, "Pression aspiration": 0.09936422252855046}}, "test": {"R2": 0.9902286867047354, "RMSE": 5.5535628458692035, "MAE": 3.233654088050315, "MAPE": 0.5629005994395353, "MSE": 30.84206028301885, "SMAPE": 0.5679071732769968, "NRMSE": 0.011448190173383858, "features_weights": {"Vitesse moteur": 0.8911073160407047, "Vibration palier avant": 0.000555668817513776,