{"best_model": {"train": {"R2": 0.9994232446096052, "RMSE": 1.9073271175489679, "MAE": 1.4459010393906313, "MAPE": 0.23405072510555386, "MSE": 3.6378967333376546, "SMAPE": 0.2340024298165055, "NRMSE": 0.0035086572214967603, "features_weights": {"Vitesse moteur": 0.5506457997549647, "Vibration palier avant": 0.00013814151300515777, "Vibration palier arriere": 7.144367333171756e-05, "Temperature palier avant": 0.0024260458819623442, "Temperature palier arriere": 0.00026549373712763037, "Temperature bobinage 1": 6.0438818231018625e-05, "Temperature bobinage 2": 2.012711971685359e-05, "Temperature bobinage 3": 6.764162165158642e-05, "Debit fumees": 0.00482553279871621, "Pression aspiration": 0.44147933508129256}}, "test": {"R2": 0.9942965051279462, "RMSE": 4.242928853402137, "MAE": 2.5562664489721967, "MAPE": 0.45850111002826555, "MSE": 18.002445255032377, "SMAPE": 0.4628695600375114, "NRMSE": 0.008746431390798956, "features_weights": {"Vitesse moteur": 0.5506457997549647, "Vibration palier avant": 0.00013814151300515777, "Vibration palier arriere": 7.144367333171756e-05, "Temperature palier avant": 0.0024260458819623442, "Temperature palier arriere": 0.00026549373712763037, "Temperature bobinage 1": 6.0438818231018625e-05, "Temperature bobinage 2": 2.012711971685359e-05, "Temperature bobinage 3": 6.764162165158642e-05, "Debit fumees": 0.00482553279871621, "Pression aspiration": 0.44147933508129256}}, "range": {"min_value": 244.835, "max_value": 788.441}}, "all_models": {"LinearRegression": {"train": {"R2": 0.9676632955306151, "RMSE": 1.1677155585654686, "MAE": 0.8298162308119331, "MAPE": 1.4503137487563773, "MSE": 1.3635596257158644, "SMAPE": 1.446919730400191, "NRMSE": 0.02870476444475368, "features_weights": {"Vitesse moteur": 0.0158396017790671, "Intensite moteur": -0.08640869052385954, "Vibration palier avant": 12.851916698533122, "Vibration palier arriere": -22.228793502707045, "Temperature palier arriere": 0.007144212594234889, "Temperature bobinage 1": -2.602818966765798, "Temperature bobinage 2": -6.486468598411405, "Temperature bobinage 3": 9.706979063071403, "Debit fumees": -4.3719204868258865e-05, "Pression aspiration": -0.6173445678659466}}, "test": {"R2": 0.9712552684692723, "RMSE": 1.0153502376510988, "MAE": 0.7470146424870218, "MAPE": 1.249227541199749, "MSE": 1.030936105098143, "SMAPE": 1.2462415694853335, "NRMSE": 0.026264061626855597, "features_weights": {"Vitesse moteur": 0.0158396017790671, "Intensite moteur": -0.08640869052385954, "Vibration palier avant": 12.851916698533122, "Vibration palier arriere": -22.228793502707045, "Temperature palier arriere": 0.007144212594234889, "Temperature bobinage 1": -2.602818966765798, "Temperature bobinage 2": -6.486468598411405, "Temperature bobinage 3": 9.706979063071403, "Debit fumees": -4.3719204868258865e-05, "Pression aspiration": -0.6173445678659466}}, "range": {"min_value": 31.8567, "max_value": 72.5369}}, "Ridge": {"train": {"R2": 0.9631744696513288, "RMSE": 1.24613097972806, "MAE": 0.8956674597440859, "MAPE": 1.556522641616281, "MSE": 1.5528424186380145, "SMAPE": 1.5535376068176572, "NRMSE": 0.03063237102393941, "features_weights": {"Vitesse moteur": 0.017195636379423708, "Intensite moteur": -0.09370403488871035, "Vibration palier avant": 1.3833940705726162, "Vibration palier arriere": -4.172075730037679, "Temperature palier arriere": 0.05728123527010241, "Temperature bobinage 1": -3.3851723272892045, "Temperature bobinage 2": -1.8409616249142582, "Temperature bobinage 3": 5.8640432613285105, "Debit fumees": -4.721760430563739e-05, "Pression aspiration": -0.6302243277639888}}, "test": {"R2": 0.9691244200696933, "RMSE": 1.0523114798465771, "MAE": 0.7470187570077371, "MAPE": 1.261789315332971, "MSE": 1.1073594506168933, "SMAPE": 1.2600867117738273, "NRMSE": 0.0272201379705938, "features_weights": {"Vitesse moteur": 0.017195636379423708, "Intensite moteur": -0.09370403488871035, "Vibration palier avant": 1.3833940705726162, "Vibration palier arriere": -4.172075730037679, "Temperature palier arriere": 0.05728123527010241, "Temperature bobinage 1": -3.3851723272892045, "Temperature bobinage 2": -1.8409616249142582, "Temperature bobinage 3": 5.8640432613285105, "Debit fumees": -4.721760430563739e-05, "Pression aspiration": -0.6302243277639888}}, "range": {"min_value": 31.8567, "max_value": 72.5369}}, "Lasso": {"train": {"R2": 0.9492074033659341, "RMSE": 1.4634887750124725, "MAE": 1.080798461354577, "MAPE": 1.8558716372250907, "MSE": 2.141799394587508, "SMAPE": 1.8525836936079134, "NRMSE": 0.03597545673355767, "features_weights": {"Vitesse moteur": 0.02710701894583552, "Intensite moteur": -0.05272028512296787, "Vibration palier avant": 0.0, "Vibration palier arriere": -0.0, "Temperature palier arriere": 0.0, "Temperature bobinage 1": 0.11847584441708384, "Temperature bobinage 2": 0.1509556594131563, "Temperature bobinage 3": 0.4389579314510239, "Debit fumees": -1.7599566229876875e-05, "Pression aspiration": -0.0}}, "test": {"R2": 0.9493196831094831, "RMSE": 1.3482064709600463, "MAE": 0.9435977438725673, "MAPE": 1.577772773289701, "MSE": 1.8176606883385424, "SMAPE": 1.5686585506307218, "NRMSE": 0.034874052840068136, "features_weights": {"Vitesse moteur": 0.02710701894583552, "Intensite moteur": -0.05272028512296787, "Vibration palier avant": 0.0, "Vibration palier arriere": -0.0, "Temperature palier arriere": 0.0, "Temperature bobinage 1": 0.11847584441708384, "Temperature bobinage 2": 0.1509556594131563, "Temperature bobinage 3": 0.4389579314510239, "Debit fumees": -1.7599566229876875e-05, "Pression aspiration": -0.0}}, "range": {"min_value": 31.8567, "max_value": 72.5369}}, "ElasticNet": {"train": {"R2": 0.949388674319814, "RMSE": 1.4608749578408007, "MAE": 1.070998803637353, "MAPE": 1.8409027860268217, "MSE": 2.1341556424463612, "SMAPE": 1.8385759761686375, "NRMSE": 0.03591120392330423, "features_weights": {"Vitesse moteur": 0.029279185925804106, "Intensite moteur": -0.05652490583449718, "Vibration palier avant": 0.0, "Vibration palier arriere": -0.0, "Temperature palier arriere": 0.0, "Temperature bobinage 1": 0.1978421275736243, "Temperature bobinage 2": 0.22541463015649632, "Temperature bobinage 3": 0.2916836642339077, "Debit fumees": -2.1858999335878273e-05, "Pression aspiration": -0.0}}, "test": {"R2": 0.9509248532223848, "RMSE": 1.3266841786742936, "MAE": 0.9250869039477554, "MAPE": 1.5504046607660231, "MSE": 1.7600909099446846, "SMAPE": 1.5424322011494955, "NRMSE": 0.034317335768477265, "features_weights": {"Vitesse moteur": 0.029279185925804106, "Intensite moteur": -0.05652490583449718, "Vibration palier avant": 0.0, "Vibration palier arriere": -0.0, "Temperature palier arriere": 0.0, "Temperature bobinage 1": 0.1978421275736243, "Temperature bobinage 2": 0.22541463015649632, "Temperature bobinage 3": 0.2916836642339077, "Debit fumees": -2.1858999335878273e-05, "Pression aspiration": -0.0}}, "range": {"min_value": 31.8567, "max_value": 72.5369}}, "DecisionTreeRegressor": {"train": {"R2": 1.0, "RMSE": 0.0, "MAE": 0.0, "MAPE": 0.0, "MSE": 0.0, "SMAPE": 0.0, "NRMSE": 0.0, "features_weights": {"Vitesse moteur": 0.0013752012425739806, "Intensite moteur": 0.0039778212561804435, "Vibration palier avant": 0.005622564519702691, "Vibration palier arriere": 0.010210073518663279, "Temperature palier arriere": 0.04199743549505392, "Temperature bobinage 1": 0.00250344416458208, "Temperature bobinage 2": 0.24559308221576073, "Temperature bobinage 3": 0.6662610862783478, "Debit fumees": 0.02049248897457613, "Pression aspiration": 0.0019668023345590317}}, "test": {"R2": 0.939085768079382, "RMSE": 1.4780738469309076, "MAE": 0.8489761006289307, "MAPE": 1.4783506007265923, "MSE": 2.1847022969811323, "SMAPE": 1.4690737414421184, "NRMSE": 0.038233331874371945, "features_weights": {"Vitesse moteur": 0.0013752012425739806, "Intensite moteur": 0.0039778212561804435, "Vibration palier avant": 0.005622564519702691, "Vibration palier arriere": 0.010210073518663279,