{"best_model": {"train": {"R2": 0.9999904107199211, "RMSE": 0.027959403773886136, "MAE": 0.02189052255946021, "MAPE": 0.02846452959729345, "MSE": 0.0007817282593911983, "SMAPE": 0.028464660236557603, "NRMSE": 0.0005346180969768601, "features_weights": {"Vitesse moteur": -0.00010046881042411227, "Intensite moteur": -0.00024594357274632675, "Vibration palier avant": 0.12370485340423314, "Vibration palier arriere": -0.16353114031974564, "Temperature palier avant": -0.003718690192494537, "Temperature palier arriere": 0.0013349804968511287, "Temperature bobinage 1": 0.6020087127307643, "Temperature bobinage 3": 0.39897787104962235, "Debit fumees": -1.6874494368542144e-08, "Pression aspiration": -0.0004143622689442568}}, "test": {"R2": 0.9999862274434792, "RMSE": 0.02885797179470676, "MAE": 0.023331329670774087, "MAPE": 0.03010841428596317, "MSE": 0.0008327825361040908, "SMAPE": 0.030108198639451834, "NRMSE": 0.0005676356450416267, "features_weights": {"Vitesse moteur": -0.00010046881042411227, "Intensite moteur": -0.00024594357274632675, "Vibration palier avant": 0.12370485340423314, "Vibration palier arriere": -0.16353114031974564, "Temperature palier avant": -0.003718690192494537, "Temperature palier arriere": 0.0013349804968511287, "Temperature bobinage 1": 0.6020087127307643, "Temperature bobinage 3": 0.39897787104962235, "Debit fumees": -1.6874494368542144e-08, "Pression aspiration": -0.0004143622689442568}}, "range": {"min_value": 40.9206, "max_value": 93.3583}}, "all_models": {"LinearRegression": {"train": {"R2": 0.9999690697313948, "RMSE": 0.05001798978739408, "MAE": 0.03895103194957602, "MAPE": 0.05221118557972469, "MSE": 0.0025017993023718583, "SMAPE": 0.05221292234936607, "NRMSE": 0.0009638919092531963, "features_weights": {"Vitesse moteur": -1.4905676983920657e-05, "Intensite moteur": 0.0013307399217366955, "Vibration palier avant": 0.01353722982117276, "Vibration palier arriere": 0.5294653656280848, "Temperature palier avant": 0.017809938773582588, "Temperature palier arriere": 0.006550532207998699, "Temperature bobinage 1": -0.2898308017439638, "Temperature bobinage 2": 1.2768664142078165, "Debit fumees": 5.963806156655642e-07, "Pression aspiration": 0.018163038765534163}}, "test": {"R2": 0.9999558456114879, "RMSE": 0.0515441575625473, "MAE": 0.04087720326577441, "MAPE": 0.05407683860846383, "MSE": 0.002656800178832702, "SMAPE": 0.054081307239376895, "NRMSE": 0.0010213438001574753, "features_weights": {"Vitesse moteur": -1.4905676983920657e-05, "Intensite moteur": 0.0013307399217366955, "Vibration palier avant": 0.01353722982117276, "Vibration palier arriere": 0.5294653656280848, "Temperature palier avant": 0.017809938773582588, "Temperature palier arriere": 0.006550532207998699, "Temperature bobinage 1": -0.2898308017439638, "Temperature bobinage 2": 1.2768664142078165, "Debit fumees": 5.963806156655642e-07, "Pression aspiration": 0.018163038765534163}}, "range": {"min_value": 41.1283, "max_value": 93.1112}}, "Ridge": {"train": {"R2": 0.9999626854409694, "RMSE": 0.054938088496773, "MAE": 0.0415732966571605, "MAPE": 0.05651403250698841, "MSE": 0.003018193567679262, "SMAPE": 0.0565189814102218, "NRMSE": 0.0010587066620822406, "features_weights": {"Vitesse moteur": 5.483538424969845e-05, "Intensite moteur": 0.0013480432173326232, "Vibration palier avant": 0.16411698435611047, "Vibration palier arriere": 0.20442272088959496, "Temperature palier avant": 0.02020262762513232, "Temperature palier arriere": 0.0077116686549405025, "Temperature bobinage 1": 0.20864136978442602, "Temperature bobinage 2": 0.7754541672345315, "Debit fumees": 5.740144254416907e-07, "Pression aspiration": 0.02383565970365343}}, "test": {"R2": 0.9999486412354605, "RMSE": 0.055590399178257845, "MAE": 0.04332920433141709, "MAPE": 0.05720665927651791, "MSE": 0.003090292480798051, "SMAPE": 0.057210128313124844, "NRMSE": 0.0011015197887383407, "features_weights": {"Vitesse moteur": 5.483538424969845e-05, "Intensite moteur": 0.0013480432173326232, "Vibration palier avant": 0.16411698435611047, "Vibration palier arriere": 0.20442272088959496, "Temperature palier avant": 0.02020262762513232, "Temperature palier arriere": 0.0077116686549405025, "Temperature bobinage 1": 0.20864136978442602, "Temperature bobinage 2": 0.7754541672345315, "Debit fumees": 5.740144254416907e-07, "Pression aspiration": 0.02383565970365343}}, "range": {"min_value": 41.1283, "max_value": 93.1112}}, "Lasso": {"train": {"R2": 0.999594768737747, "RMSE": 0.18104471808814956, "MAE": 0.1633373860971114, "MAPE": 0.20726076194274318, "MSE": 0.03277718994761755, "SMAPE": 0.20726371806817287, "NRMSE": 0.0034888954898018294, "features_weights": {"Vitesse moteur": -0.0003176200196713828, "Intensite moteur": -0.00016721433698669368, "Vibration palier avant": 0.0, "Vibration palier arriere": -0.0, "Temperature palier avant": 0.0, "Temperature palier arriere": 0.0, "Temperature bobinage 1": 0.9757623548504235, "Temperature bobinage 2": 0.002177561746002143, "Debit fumees": 2.448139143433933e-06, "Pression aspiration": -0.0}}, "test": {"R2": 0.9993781026871694, "RMSE": 0.19344247882188834, "MAE": 0.1768965772953136, "MAPE": 0.22353901723818564, "MSE": 0.03741999261275672, "SMAPE": 0.22353647701679266, "NRMSE": 0.003833048899714434, "features_weights": {"Vitesse moteur": -0.0003176200196713828, "Intensite moteur": -0.00016721433698669368, "Vibration palier avant": 0.0, "Vibration palier arriere": -0.0, "Temperature palier avant": 0.0, "Temperature palier arriere": 0.0, "Temperature bobinage 1": 0.9757623548504235, "Temperature bobinage 2": 0.002177561746002143, "Debit fumees": 2.448139143433933e-06, "Pression aspiration": -0.0}}, "range": {"min_value": 41.1283, "max_value": 93.1112}}, "ElasticNet": {"train": {"R2": 0.9997912715828636, "RMSE": 0.1299347088531045, "MAE": 0.11393409994651832, "MAPE": 0.14631530402208257, "MSE": 0.016883028564741036, "SMAPE": 0.14631064066485666, "NRMSE": 0.002503959377956485, "features_weights": {"Vitesse moteur": 0.0, "Intensite moteur": -0.0, "Vibration palier avant": 0.0, "Vibration palier arriere": -0.0, "Temperature palier avant": 0.033867298808915, "Temperature palier arriere": 0.0, "Temperature bobinage 1": 0.48217841871726663, "Temperature bobinage 2": 0.4773717622098671, "Debit fumees": 6.066787404063823e-07, "Pression aspiration": -0.0}}, "test": {"R2": 0.9996814046360805, "RMSE": 0.13845614468153372, "MAE": 0.12183422048567855, "MAPE": 0.1552650264594917, "MSE": 0.0191701040000738, "SMAPE": 0.15526178291247367, "NRMSE": 0.002743498616552078, "features_weights": {"Vitesse moteur": 0.0, "Intensite moteur": -0.0, "Vibration palier avant": 0.0, "Vibration palier arriere": -0.0, "Temperature palier avant": 0.033867298808915, "Temperature palier arriere": 0.0, "Temperature bobinage 1": 0.48217841871726663, "Temperature bobinage 2": 0.4773717622098671, "Debit fumees": 6.066787404063823e-07, "Pression aspiration": -0.0}}, "range": {"min_value": 41.1283, "max_value": 93.1112}}, "DecisionTreeRegressor": {"train": {"R2": 1.0, "RMSE": 0.0, "MAE": 0.0, "MAPE": 0.0, "MSE": 0.0, "SMAPE": 0.0, "NRMSE": 0.0, "features_weights": {"Vitesse moteur": 2.46336971474166e-06, "Intensite moteur": 2.6781746336745667e-05, "Vibration palier avant": 5.865855008215604e-06, "Vibration palier arriere": 5.10090135691885e-05, "Temperature palier avant": 0.3040708317006229, "Temperature palier arriere": 1.4297807153269385e-05, "Temperature bobinage 1": 0.00403228388205003, "Temperature bobinage 2": 0.6906975671003148, "Debit fumees": 0.001094809019610129, "Pression aspiration": 4.090505620106678e-06}}, "test": {"R2": 0.9974624743094909, "RMSE": 0.39074887156450094, "MAE": 0.13354088050314433, "MAPE": 0.19483052335512158, "MSE": 0.15268468062893084, "SMAPE": 0.1929546483503861, "NRMSE": 0.007742660977757761, "features_weights": {"Vitesse moteur": 2.46336971474166e-06, "Intensite moteur": 2.6781746336745667e-05, "Vibration palier avant": 5.865855008215604e-06, "Vibration palier arriere": 5.10090135691885e-05,